2176.png,0.8457945585250854
2177.png,0.4622437655925751
2178.png,0.0349922813475132
2179.png,0.9911711812019348
2180.png,0.03970974683761597
2181.png,0.9396035075187683
2182.png,0.0627465695142746
2183.png,0.03652404621243477
2184.png,0.051054127514362335
2185.png,0.07527267187833786
2186.png,0.09390733391046524
2187.png,0.1320926547050476
2188.png,0.7679975628852844
2189.png,0.037535738199949265
2190.png,0.23917672038078308
2191.png,0.058699022978544235
2192.png,0.9261022210121155
2193.png,0.06310796737670898
2194.png,0.9035818576812744
2195.png,0.07906392216682434
2196.png,0.002228149911388755
2197.png,0.997413694858551
2198.png,0.8649314641952515
2199.png,0.998908519744873
2200.png,0.019739598035812378
2201.png,0.26375603675842285
2202.png,0.0037144068628549576
2203.png,0.004455996677279472
2204.png,0.9980316758155823
2205.png,0.06747473776340485
2206.png,0.45860448479652405
2207.png,0.07227586209774017
2208.png,0.9990304708480835
2209.png,0.002780984388664365
2210.png,0.8702457547187805
2211.png,0.32534340023994446
2212.png,0.47008422017097473
2213.png,0.3646349012851715
2214.png,0.9455952644348145
2215.png,0.5196216702461243
2216.png,0.9605021476745605
2217.png,0.02499287761747837
2218.png,0.9994463324546814
2219.png,0.04697000980377197
2220.png,0.9094803333282471
2221.png,0.12849244475364685
2222.png,0.007426227908581495
2223.png,0.8745042085647583
2224.png,0.7081485986709595
2225.png,0.013720848597586155
2226.png,0.9563012719154358
2227.png,0.9760945439338684
2228.png,0.028555331751704216
2229.png,0.627152144908905
2230.png,0.3079652190208435
2231.png,0.012842022813856602
2232.png,0.9984354376792908
2233.png,0.5171913504600525
2234.png,0.20489740371704102
2235.png,0.26392292976379395
2236.png,0.9989751577377319
2237.png,0.9908086657524109
2238.png,0.6453099250793457
2239.png,0.35637012124061584
2240.png,0.13757841289043427
2241.png,0.03757544606924057
2242.png,0.4041520357131958
2243.png,0.7302266955375671
2244.png,0.9991831183433533
2245.png,0.006225188262760639
2246.png,0.6760075688362122
2247.png,0.935265302658081
2248.png,0.030007096007466316
2249.png,0.7884624600410461
2250.png,0.5249001979827881
2251.png,0.7998901009559631
2252.png,0.9992115497589111
2253.png,0.999393105506897
2254.png,0.9821390509605408
2255.png,0.9984192848205566
2256.png,0.25322166085243225
2257.png,0.30308908224105835
2258.png,0.9981275200843811
2259.png,0.998264491558075
2260.png,0.9787357449531555
2261.png,0.9716925024986267
2262.png,0.8661028742790222
2263.png,0.999419093132019
2264.png,0.0012475348776206374
2265.png,0.78773033618927
2266.png,0.013136815279722214
2267.png,0.9583773612976074
2268.png,0.0021073217503726482
2269.png,0.8884767889976501
2270.png,0.9935007691383362
2271.png,0.9030964970588684
2272.png,0.8519278168678284
2273.png,0.152244433760643
2274.png,0.9146922826766968
2275.png,0.8332897424697876
2276.png,0.9986523985862732
2277.png,0.9980280995368958
2278.png,0.07809058576822281
2279.png,0.1628827452659607
2280.png,0.23826691508293152
2281.png,0.035018958151340485
2282.png,0.97060227394104
2283.png,0.9885182976722717
2284.png,0.6779847741127014
2285.png,0.9562104940414429
2286.png,0.9680401682853699
2287.png,0.17858736217021942
2288.png,0.7871697545051575
2289.png,0.3005903959274292
2290.png,0.1624980866909027
2291.png,0.1069391667842865
2292.png,0.016613561660051346
2293.png,0.020935015752911568
2294.png,0.5982692241668701
2295.png,0.1510242074728012
2296.png,0.4506571888923645
2297.png,0.005093676503747702
2298.png,0.07684525102376938
2299.png,0.9995829463005066
2300.png,0.8579251766204834
2301.png,0.47377651929855347
2302.png,0.04019417613744736
2303.png,0.08772963285446167
2304.png,0.0008939169929362833
2305.png,0.5228348970413208
2306.png,0.053267702460289
2307.png,0.11795861274003983
2308.png,0.9753150939941406
2309.png,0.5006382465362549
2310.png,0.05431850627064705
2311.png,0.9986246824264526
2312.png,0.09044196456670761
2313.png,0.9991307854652405
2314.png,0.9254708290100098
2315.png,0.09052649140357971
2316.png,0.008758199401199818
2317.png,0.14853163063526154
2318.png,0.17894358932971954
2319.png,0.03853202983736992
2320.png,0.07620466500520706
2321.png,0.07025402784347534
2322.png,0.023120559751987457
2323.png,0.9996664524078369
2324.png,0.8253130912780762
2325.png,0.8850467205047607
2326.png,0.9980460405349731
2327.png,0.5570048689842224
2328.png,0.2091052532196045
2329.png,0.42659440636634827
2330.png,0.06202366575598717
2331.png,0.9996238946914673
2332.png,0.7005817890167236
2333.png,0.8512998223304749
2334.png,0.04607809707522392
2335.png,0.7974798083305359
2336.png,0.015496903099119663
2337.png,0.007868713699281216
2338.png,0.03345097228884697
2339.png,0.220004141330719
2340.png,0.02966829389333725
2341.png,0.9421395659446716
2342.png,0.7686216831207275
2343.png,0.9896837472915649
2344.png,0.4135288596153259
2345.png,0.9882077574729919
2346.png,0.39796900749206543
2347.png,0.008293166756629944
2348.png,0.7809669375419617
2349.png,0.9470250606536865
2350.png,0.010671301744878292
2351.png,0.9649964570999146
2352.png,0.09822515398263931
2353.png,0.8180398941040039
2354.png,0.4704420864582062
2355.png,0.7693747282028198
2356.png,0.514339804649353
2357.png,0.9149317741394043
2358.png,0.05171146243810654
2359.png,0.2173096239566803
2360.png,0.6455256938934326
2361.png,0.8910304307937622
2362.png,0.9992753863334656
2363.png,0.6924067735671997
2364.png,0.9944993257522583
2365.png,0.9996113181114197
2366.png,0.0755348950624466
2367.png,0.0012408433249220252
2368.png,0.035532526671886444
2369.png,0.005801324266940355
2370.png,0.9993906021118164
2371.png,0.17518675327301025
2372.png,0.49842655658721924
2373.png,0.9843205213546753
2374.png,0.1630237102508545
2375.png,0.4469640552997589
2376.png,0.010079889558255672
2377.png,0.6482142210006714
2378.png,0.026458431035280228
2379.png,0.023296305909752846
2380.png,0.9085448384284973
2381.png,0.0027552000246942043
2382.png,0.060083769261837006
2383.png,0.8598893880844116
2384.png,0.011052644811570644
2385.png,0.8882020115852356
2386.png,0.1437147706747055
2387.png,0.9888418912887573
2388.png,0.6615326404571533
2389.png,0.9851210117340088
2390.png,0.008393902331590652
2391.png,0.0736939087510109
2392.png,0.08609185367822647
2393.png,0.5002711415290833
2394.png,0.41326969861984253
2395.png,0.01000841986387968
2396.png,0.1351780891418457
2397.png,0.9995991587638855
2398.png,0.042895831167697906
2399.png,0.9986749291419983
2400.png,0.004528485704213381
2401.png,0.9975625276565552
2402.png,0.9993212223052979
2403.png,0.6893582940101624
2404.png,0.2766171991825104
2405.png,0.9965232610702515
2406.png,0.9984949827194214
2407.png,0.998267412185669
2408.png,0.9896321296691895
2409.png,0.4088994562625885
2410.png,0.8175092339515686
2411.png,0.18394139409065247
2412.png,0.9607428312301636
2413.png,0.014667273499071598
2414.png,0.35650190711021423
2415.png,0.9462867975234985
2416.png,0.9928429126739502
2417.png,0.789081871509552
2418.png,0.27960091829299927
2419.png,0.3290266990661621
2420.png,0.0238560289144516
2421.png,0.9972477555274963
2422.png,0.05718420073390007
2423.png,0.9990146160125732
2424.png,0.009029909037053585
2425.png,0.4408937692642212
2426.png,0.5559160709381104
2427.png,0.038914747536182404
2428.png,0.008145303465425968
2429.png,0.16157212853431702
2430.png,0.9798468351364136
2431.png,0.013946082442998886
2432.png,0.059470344334840775
2433.png,0.5034874081611633
2434.png,0.9800481200218201
2435.png,0.24139386415481567
2436.png,0.029379980638623238
2437.png,0.004214941523969173
2438.png,0.2413434088230133
2439.png,0.18218094110488892
2440.png,0.002378914738073945
2441.png,0.7794007658958435
2442.png,0.9521344304084778
2443.png,0.031414709985256195
2444.png,0.004893417004495859
2445.png,0.6771015524864197
2446.png,0.2826531231403351
2447.png,0.9981264472007751
2448.png,0.9976511597633362
2449.png,0.32769298553466797
2450.png,0.23856283724308014
2451.png,0.023313336074352264
2452.png,0.9569147229194641
2453.png,0.9943654537200928
2454.png,0.4128585457801819
2455.png,0.533376932144165
2456.png,0.18409331142902374
2457.png,0.1784386932849884
2458.png,0.02147291600704193
2459.png,0.8810595870018005
2460.png,0.009721271693706512
2461.png,0.04234806448221207
2462.png,0.3172251284122467
2463.png,0.9646320343017578
2464.png,0.9992908239364624
2465.png,0.02417479269206524
2466.png,0.06076273322105408
2467.png,0.986761212348938
2468.png,0.0010258606635034084
2469.png,0.9950143694877625
2470.png,0.061777494847774506
2471.png,0.006601084489375353
2472.png,0.9933955073356628
2473.png,0.2505873441696167
2474.png,0.4250366985797882
2475.png,0.004515812266618013
2476.png,0.11632703244686127
2477.png,0.5151508450508118
2478.png,0.12352625280618668
2479.png,0.5813645124435425
2480.png,0.07317332178354263
2481.png,0.9992901086807251
2482.png,0.04399455711245537
2483.png,0.9980862140655518
2484.png,0.07861719280481339
2485.png,0.010983441956341267
2486.png,0.005663373973220587
2487.png,0.7766956090927124
2488.png,0.03064948320388794
2489.png,0.026158185675740242
2490.png,0.9811514019966125
2491.png,0.017345258966088295
2492.png,0.8982994556427002
2493.png,0.9962900876998901
2494.png,0.9946383833885193
2495.png,0.20607203245162964
2496.png,0.5888108611106873
2497.png,0.9949487447738647
2498.png,0.11921476572751999
2499.png,0.0517507828772068
2500.png,0.901473343372345
2501.png,0.004449283238500357
2502.png,0.057965237647295
2503.png,0.7932641506195068
2504.png,0.9985519051551819
2505.png,0.01700686849653721
2506.png,0.525243878364563
2507.png,0.22912439703941345
2508.png,0.9384077787399292
2509.png,0.9764946103096008
2510.png,0.05901224911212921
2511.png,0.8950430154800415
2512.png,0.6799014210700989
2513.png,0.9020854234695435
2514.png,0.059839025139808655
2515.png,0.0285695418715477
2516.png,0.255623459815979
2517.png,0.9217843413352966
2518.png,0.02341066487133503
2519.png,0.989623486995697
2520.png,0.617723822593689
2521.png,0.6580290198326111
2522.png,0.8955466747283936
2523.png,0.42368295788764954
2524.png,0.9296015501022339
2525.png,0.9141587615013123
2526.png,0.1983378529548645
2527.png,0.7701103687286377
2528.png,0.9718838930130005
2529.png,0.02560942806303501
2530.png,0.021792402490973473
2531.png,0.5898913741111755
2532.png,0.03627002611756325
2533.png,0.007898946292698383
2534.png,0.4827335476875305
2535.png,0.9539199471473694
2536.png,0.9932756423950195
2537.png,0.01730293408036232
2538.png,0.9983171224594116
2539.png,0.9948770403862
2540.png,0.6029589176177979
2541.png,0.019950561225414276
2542.png,0.8020952939987183
2543.png,0.2046198695898056
2544.png,0.9724283218383789
2545.png,0.29475757479667664
2546.png,0.007970013655722141
2547.png,0.22454261779785156
2548.png,0.3963650166988373
2549.png,0.6030097007751465
2550.png,0.927759051322937
2551.png,0.25368332862854004
2552.png,0.9995579123497009
2553.png,0.003586334642022848
2554.png,0.5365338921546936
2555.png,0.9979738593101501
2556.png,0.940078616142273
2557.png,0.021598588675260544
2558.png,0.7820107936859131
2559.png,0.9305955767631531
2560.png,0.056841399520635605
2561.png,0.9780908823013306
2562.png,0.996131420135498
2563.png,0.9336219429969788
2564.png,0.8116445541381836
2565.png,0.7213394641876221
2566.png,0.998054027557373
2567.png,0.9989493489265442
2568.png,0.04604969546198845
2569.png,0.5935888290405273
2570.png,0.614253580570221
2571.png,0.9536850452423096
2572.png,0.608924388885498
2573.png,0.0036179705057293177
2574.png,0.00880368147045374
2575.png,0.9400765895843506
2576.png,0.8429261445999146
2577.png,0.17692232131958008
2578.png,0.7232991456985474
2579.png,0.7909493446350098
2580.png,0.9884682297706604
2581.png,0.07018943130970001
2582.png,0.060884296894073486
2583.png,0.027542976662516594
2584.png,0.6456267237663269
2585.png,0.9925865530967712
2586.png,0.13901299238204956
2587.png,0.5719160437583923
2588.png,0.9851971864700317
2589.png,0.6375447511672974
2590.png,0.8503991961479187
2591.png,0.29844021797180176
2592.png,0.061407025903463364
2593.png,0.706024706363678
2594.png,0.5346357226371765
2595.png,0.8274610638618469
2596.png,0.007017986848950386
2597.png,0.8731220960617065
2598.png,0.014414939098060131
2599.png,0.956627368927002
2600.png,0.8518131375312805
2601.png,0.2592599391937256
2602.png,0.9762833118438721
2603.png,0.5937811136245728
2604.png,0.9798888564109802
2605.png,0.008611028082668781
2606.png,0.6621684432029724
2607.png,0.9994957447052002
2608.png,0.8674122095108032
2609.png,0.9331923723220825
2610.png,0.6929904222488403
2611.png,0.05278068408370018
2612.png,0.01717151701450348
2613.png,0.9993058443069458
2614.png,0.013509158045053482
2615.png,0.6901569366455078
2616.png,0.9653271436691284
2617.png,0.8659984469413757
2618.png,0.9915741086006165
2619.png,0.7445901036262512
2620.png,0.6499502062797546
2621.png,0.03074614889919758
2622.png,0.13680942356586456
2623.png,0.3445371687412262
2624.png,0.026098817586898804
2625.png,0.05535968020558357
2626.png,0.8884021639823914
2627.png,0.9709789156913757
2628.png,0.8918682932853699
2629.png,0.9146163463592529
2630.png,0.6227697730064392
2631.png,0.1786375790834427
2632.png,0.023055778816342354
2633.png,0.18120726943016052
2634.png,0.9819112420082092
2635.png,0.9591325521469116
2636.png,0.7098436951637268
2637.png,0.8736170530319214
2638.png,0.0022302172146737576
2639.png,0.9943729639053345
2640.png,0.7386100888252258
2641.png,0.9994957447052002
2642.png,0.9860467314720154
2643.png,0.992197573184967
2644.png,0.00559700932353735
2645.png,0.5592207908630371
2646.png,0.015326866880059242
2647.png,0.8312800526618958
2648.png,0.07167770713567734
2649.png,0.9994857311248779
2650.png,0.0022007611114531755
2651.png,0.37752020359039307
2652.png,0.006157145369797945
2653.png,0.0070802862755954266
2654.png,0.9996767044067383
2655.png,0.6083123683929443
2656.png,0.4596192240715027
2657.png,0.034082721918821335
2658.png,0.42353954911231995
2659.png,0.018570583313703537
2660.png,0.09935323894023895
2661.png,0.9046619534492493
2662.png,0.7789176106452942
2663.png,0.5887786149978638
2664.png,0.9983934760093689
2665.png,0.996887743473053
2666.png,0.6917253136634827
2667.png,0.9362324476242065
2668.png,0.008358469232916832
2669.png,0.9990185499191284
2670.png,0.092624232172966
2671.png,0.9793023467063904
2672.png,0.11451668292284012
2673.png,0.8701555132865906
2674.png,0.862731397151947
2675.png,0.2523394227027893
2676.png,0.4148082733154297
2677.png,0.9993360638618469
2678.png,0.09960296005010605
2679.png,0.9278507828712463
2680.png,0.21910537779331207
2681.png,0.824371337890625
2682.png,0.053063537925481796
2683.png,0.004411195404827595
2684.png,0.9991043210029602
2685.png,0.11627410352230072
2686.png,0.8275832533836365
2687.png,0.006090760231018066
2688.png,0.9952563643455505
2689.png,0.23356041312217712
2690.png,0.9993463158607483
2691.png,0.6401034593582153
2692.png,0.9835383892059326
2693.png,0.9997095465660095
2694.png,0.010867473669350147
2695.png,0.16205823421478271
2696.png,0.20323671400547028
2697.png,0.817061185836792
2698.png,0.9588863253593445
2699.png,0.99177086353302
2700.png,0.999413013458252
2701.png,0.994634747505188
2702.png,0.001260377117432654
2703.png,0.657101035118103
2704.png,0.13276293873786926
2705.png,0.04137015342712402
2706.png,0.8664769530296326
2707.png,0.9993664622306824
2708.png,0.9957183003425598
2709.png,0.9504425525665283
2710.png,0.011768700554966927
2711.png,0.9989534616470337
2712.png,0.805731475353241
2713.png,0.04639628157019615
2714.png,0.1455051749944687
2715.png,0.13133108615875244
2716.png,0.8047346472740173
2717.png,0.44164374470710754
2718.png,0.9272432923316956
2719.png,0.0017147829057648778
2720.png,0.4031887352466583
2721.png,0.08391781151294708
2722.png,0.9408304691314697
2723.png,0.8375397324562073
2724.png,0.9925011992454529
2725.png,0.2080831378698349
2726.png,0.17360533773899078
2727.png,0.954481840133667
2728.png,0.7695448994636536
2729.png,0.17861121892929077
2730.png,0.9451844096183777
2731.png,0.9274483323097229
2732.png,0.231515571475029
2733.png,0.2797248363494873
2734.png,0.11076664924621582
2735.png,0.7729312181472778
2736.png,0.48130929470062256
2737.png,0.03699532151222229
2738.png,0.7668683528900146
2739.png,0.18377816677093506
2740.png,0.5623934268951416
2741.png,0.028777562081813812
2742.png,0.7503974437713623
2743.png,0.9245295524597168
2744.png,0.9987030029296875
2745.png,0.10174097120761871
2746.png,0.8724281787872314
2747.png,0.8820810317993164
2748.png,0.0038911025039851665
2749.png,0.9995033740997314
2750.png,0.9982144832611084
2751.png,0.02523176185786724
2752.png,0.49523478746414185
2753.png,0.8359541893005371
2754.png,0.387816458940506
2755.png,0.6733143329620361
2756.png,0.3836284577846527
2757.png,0.9772919416427612
2758.png,0.0014225873164832592
2759.png,0.002850490855053067
2760.png,0.7859246730804443
2761.png,0.24782298505306244
2762.png,0.9993935823440552
2763.png,0.949196457862854
2764.png,0.9208058714866638
2765.png,0.9272364377975464
2766.png,0.16091138124465942
2767.png,0.5723450779914856
2768.png,0.05160636082291603
2769.png,0.9461827874183655
2770.png,0.40304964780807495
2771.png,0.9927445650100708
2772.png,0.9703842401504517
2773.png,0.9826399683952332
2774.png,0.9931232333183289
2775.png,0.9951346516609192
2776.png,0.7642459869384766
2777.png,0.15057525038719177
2778.png,0.0070848832838237286
2779.png,0.3001868724822998
2780.png,0.9942764639854431
2781.png,0.9982851147651672
2782.png,0.9968234300613403
2783.png,0.9840758442878723
2784.png,0.2726750075817108
2785.png,0.8901923894882202
2786.png,0.8982882499694824
2787.png,0.003651130013167858
2788.png,0.33030784130096436
2789.png,0.033411893993616104
2790.png,0.7960982322692871
2791.png,0.9898327589035034
2792.png,0.8761001229286194
2793.png,0.1627008467912674
2794.png,0.9957717061042786
2795.png,0.9992715716362
2796.png,0.9988395571708679
2797.png,0.7614856362342834
2798.png,0.08691174536943436
2799.png,0.9720478653907776
2800.png,0.9997058510780334
2801.png,0.47211429476737976
2802.png,0.009745965711772442
2803.png,0.99498051404953
2804.png,0.6777426600456238
2805.png,0.009129674173891544
2806.png,0.5385743379592896
2807.png,0.9910562038421631
2808.png,0.16000092029571533
2809.png,0.9990365505218506
2810.png,0.23113378882408142
2811.png,0.06844707578420639
2812.png,0.9695800542831421
2813.png,0.9952700734138489
2814.png,0.9993708729743958
2815.png,0.885926365852356
2816.png,0.03181332349777222
2817.png,0.03587973117828369
2818.png,0.31285539269447327
2819.png,0.0006389755290001631
2820.png,0.7408051490783691
2821.png,0.048511140048503876
2822.png,0.9500208497047424
2823.png,0.8932202458381653
2824.png,0.052651554346084595
2825.png,0.6656085848808289
2826.png,0.0028478980530053377
2827.png,0.9992749094963074
2828.png,0.9970616698265076
2829.png,0.5851545333862305
2830.png,0.2959349751472473
2831.png,0.24885447323322296
2832.png,0.01207322720438242
2833.png,0.8385417461395264
2834.png,0.003869082313030958
2835.png,0.32058393955230713
2836.png,0.9145248532295227
2837.png,0.9990537762641907
2838.png,0.3462969660758972
2839.png,0.437007874250412
2840.png,0.9809092283248901
2841.png,0.14951351284980774
2842.png,0.9994889497756958
2843.png,0.003933518193662167
2844.png,0.3576623499393463
2845.png,0.10197979211807251
2846.png,0.8866044282913208
2847.png,0.024326909333467484
2848.png,0.01514655351638794
2849.png,0.9990956783294678
2850.png,0.9892770051956177
2851.png,0.6157364249229431
2852.png,0.6807000041007996
2853.png,0.29218167066574097
2854.png,0.4630289673805237
2855.png,0.9995853304862976
2856.png,0.6776012182235718
2857.png,0.21674473583698273
2858.png,0.7924054265022278
2859.png,0.9800231456756592
2860.png,0.48143935203552246
2861.png,0.982528805732727
2862.png,0.9529039859771729
2863.png,0.21280083060264587
2864.png,0.3707735538482666
2865.png,0.1187867596745491
2866.png,0.99907386302948
2867.png,0.9993461966514587
2868.png,0.07496238499879837
2869.png,0.6015728712081909
2870.png,0.9993736147880554
2871.png,0.28511422872543335
2872.png,0.8643518090248108
2873.png,0.7775431275367737
2874.png,0.01977645978331566
2875.png,0.2324647456407547
2876.png,0.053273074328899384
2877.png,0.0432654470205307
2878.png,0.3095022439956665
2879.png,0.9455545544624329
2880.png,0.048278551548719406
2881.png,0.045117273926734924
2882.png,0.9993782043457031
2883.png,0.9826415181159973
2884.png,0.4513387978076935
2885.png,0.2294423133134842
2886.png,0.5791664719581604
2887.png,0.9774556159973145
2888.png,0.8599109053611755
2889.png,0.9990204572677612
2890.png,0.32151198387145996
2891.png,0.7399899363517761
2892.png,0.026156382635235786
2893.png,0.323576420545578
2894.png,0.44621291756629944
2895.png,0.9469971656799316
2896.png,0.7693079710006714
2897.png,0.9971235394477844
2898.png,0.17125442624092102
2899.png,0.09614911675453186
2900.png,0.6650515794754028
2901.png,0.12667438387870789
2902.png,0.8946474194526672
2903.png,0.02606726810336113
2904.png,0.9059902429580688
2905.png,0.9415411353111267
2906.png,0.4934106767177582
2907.png,0.08674830198287964
2908.png,0.9993754029273987
2909.png,0.11793608963489532
2910.png,0.8464438319206238
2911.png,0.9758458137512207
2912.png,0.1653517633676529
2913.png,0.05020918324589729
2914.png,0.9992275238037109
2915.png,0.0021070875227451324
2916.png,0.9996249675750732
2917.png,0.9995720982551575
2918.png,0.30910518765449524
2919.png,0.989464521408081
2920.png,0.9595032930374146
2921.png,0.5504828691482544
2922.png,0.2392488718032837
2923.png,0.016956448554992676
2924.png,0.9262900948524475
2925.png,0.9752662181854248
2926.png,0.01160228718072176
2927.png,0.004120233468711376
2928.png,0.92236328125
2929.png,0.9905577898025513
2930.png,0.08547035604715347
2931.png,0.9421910047531128
2932.png,0.998978853225708
2933.png,0.9985004663467407
2934.png,0.06656637042760849
2935.png,0.17505718767642975
2936.png,0.08233749866485596
2937.png,0.39122965931892395
2938.png,0.8062567710876465
2939.png,0.9821681976318359
2940.png,0.9994841814041138
2941.png,0.19894428551197052
2942.png,0.8788923025131226
2943.png,0.9933645725250244
2944.png,0.21111513674259186
2945.png,0.2837112545967102
2946.png,0.5601231455802917
2947.png,0.8907746076583862
2948.png,0.9995903372764587
2949.png,0.9978359341621399
2950.png,0.19493220746517181
2951.png,0.9885198473930359
2952.png,0.8949459195137024
2953.png,0.45508649945259094
2954.png,0.9153671860694885
2955.png,0.6121295690536499
2956.png,0.9997490048408508
2957.png,0.6478930115699768
2958.png,0.23977141082286835
2959.png,0.8067326545715332
2960.png,0.09894603490829468
2961.png,0.0131838358938694
2962.png,0.9949926733970642
2963.png,0.0008291261037811637
2964.png,0.853476345539093
2965.png,0.2647458612918854
2966.png,0.9827532768249512
2967.png,0.9983044862747192
2968.png,0.41783785820007324
2969.png,0.1993388533592224
2970.png,0.9793238639831543
2971.png,0.029684513807296753
2972.png,0.7773287892341614
2973.png,0.5040475130081177
2974.png,0.8311119079589844
2975.png,0.7594029307365417
2976.png,0.04459867253899574
2977.png,0.999710738658905
2978.png,0.9644892811775208
2979.png,0.6421085000038147
2980.png,0.6440677642822266
2981.png,0.9777373671531677
2982.png,0.8941178321838379
2983.png,0.000641450984403491
2984.png,0.009331975132226944
2985.png,0.2624003291130066
2986.png,0.6938585042953491
2987.png,0.05488191172480583
2988.png,0.8788090944290161
2989.png,0.9986660480499268
2990.png,0.005683389492332935
2991.png,0.9865366816520691
2992.png,0.0044984035193920135
2993.png,0.9987865090370178
2994.png,0.37938112020492554
2995.png,0.976579487323761
2996.png,0.17746689915657043
2997.png,0.9561994671821594
2998.png,0.9331432580947876
2999.png,0.49243468046188354
3000.png,0.030632134526968002
3001.png,0.29759490489959717
3002.png,0.6749627590179443
3003.png,0.0075828335247933865
3004.png,0.05482480674982071
3005.png,0.013695931062102318
3006.png,0.9982062578201294
3007.png,0.42761921882629395
3008.png,0.9772511124610901
3009.png,0.05663849040865898
3010.png,0.9453258514404297
3011.png,0.24774892628192902
3012.png,0.33792945742607117
3013.png,0.018600130453705788
3014.png,0.09219247102737427
3015.png,0.9114072918891907
3016.png,0.0014719540486112237
3017.png,0.9985004663467407
3018.png,0.7848186492919922
3019.png,0.3345927298069
3020.png,0.7685774564743042
3021.png,0.6684092283248901
3022.png,0.9628061056137085
3023.png,0.3194737434387207
3024.png,0.9983965754508972
3025.png,0.8921124339103699
3026.png,0.12911969423294067
3027.png,0.9990102052688599
3028.png,0.8706852793693542
3029.png,0.9993500113487244
3030.png,0.39735203981399536
3031.png,0.9571527242660522
3032.png,0.9936995506286621
3033.png,0.591460645198822
3034.png,0.052201997488737106
3035.png,0.7385076284408569
3036.png,0.9153698086738586
3037.png,0.6576246619224548
3038.png,0.5575187802314758
3039.png,0.5735609531402588
3040.png,0.013230663724243641
3041.png,0.995205819606781
3042.png,0.10385764390230179
3043.png,0.8432886600494385
3044.png,0.027074113488197327
3045.png,0.8459213376045227
3046.png,0.832394003868103
3047.png,0.943959653377533
3048.png,0.03450321778655052
3049.png,0.9968189001083374
3050.png,0.0008044001297093928
3051.png,0.02169659547507763
3052.png,0.999652624130249
3053.png,0.034817975014448166
3054.png,0.15511000156402588
3055.png,0.9995593428611755
3056.png,0.9986165761947632
3057.png,0.9813185334205627
3058.png,0.5454195737838745
3059.png,0.9969448447227478
3060.png,0.36124011874198914
3061.png,0.2804293930530548
3062.png,0.596748948097229
3063.png,0.9378778338432312
3064.png,0.5815290808677673
3065.png,0.8472785353660583
3066.png,0.9988798499107361
3067.png,0.9362475872039795
3068.png,0.8131784796714783
3069.png,0.7198908925056458
3070.png,0.017042074352502823
3071.png,0.8824705481529236
3072.png,0.9396624565124512
3073.png,0.7899032831192017
3074.png,0.44455718994140625
3075.png,0.5606654286384583
3076.png,0.7824630737304688
3077.png,0.004316667094826698
3078.png,0.41290244460105896
3079.png,0.03595937788486481
3080.png,0.9995255470275879
3081.png,0.3151033818721771
3082.png,0.07710672169923782
3083.png,0.014745619148015976
3084.png,0.4585234820842743
3085.png,0.423677533864975
3086.png,0.9726446866989136
3087.png,0.06245899572968483
3088.png,0.7426362633705139
3089.png,0.06610310077667236
3090.png,0.9995643496513367
3091.png,0.20347654819488525
3092.png,0.7621351480484009
3093.png,0.02262336015701294
3094.png,0.998964786529541
3095.png,0.10926506668329239
3096.png,0.0020755049772560596
3097.png,0.9989694356918335
3098.png,0.5208034515380859
3099.png,0.997369647026062
3100.png,0.9618968367576599
3101.png,0.9524204730987549
3102.png,0.9859756827354431
3103.png,0.9816781878471375
3104.png,0.02304927259683609
3105.png,0.9015394449234009
3106.png,0.2293144315481186
3107.png,0.8555228114128113
3108.png,0.9540614485740662
3109.png,0.9896529316902161
3110.png,0.9760899543762207
3111.png,0.003582877339795232
3112.png,0.9994251728057861
3113.png,0.9619386196136475
3114.png,0.04708820581436157
3115.png,0.14170031249523163
3116.png,0.9276351928710938
3117.png,0.8832363486289978
3118.png,0.9971517324447632
3119.png,0.9945544004440308
3120.png,0.05440492928028107
3121.png,0.28485703468322754
3122.png,0.34273603558540344
3123.png,0.9470845460891724
3124.png,0.9248831868171692
3125.png,0.27406540513038635
3126.png,0.918122410774231
3127.png,0.013382621109485626
3128.png,0.996951699256897
3129.png,0.9997599720954895
3130.png,0.12246047705411911
3131.png,0.320488840341568
3132.png,0.9990955591201782
3133.png,0.9198571443557739
3134.png,0.1272236853837967
3135.png,0.89373779296875
3136.png,0.6375022530555725
3137.png,0.18167604506015778
3138.png,0.000989624415524304
3139.png,0.012946869246661663
3140.png,0.015121734701097012
3141.png,0.796949028968811
3142.png,0.9831878542900085
3143.png,0.11452231556177139
3144.png,0.34169647097587585
3145.png,0.9628922939300537
3146.png,0.07829084247350693
3147.png,0.9558544158935547
3148.png,0.7239413261413574
3149.png,0.9978280663490295
3150.png,0.9980819225311279
3151.png,0.8981398940086365
3152.png,0.0083242766559124
3153.png,0.9994109869003296
3154.png,0.9995536208152771
3155.png,0.9503889679908752
3156.png,0.0971933975815773
3157.png,0.0011590940412133932
3158.png,0.31094738841056824
3159.png,0.763695478439331
3160.png,0.6153786778450012
3161.png,0.8852378129959106
3162.png,0.05103740468621254
3163.png,0.5883312225341797
3164.png,0.9996563196182251
3165.png,0.9990910291671753
3166.png,0.035464778542518616
3167.png,0.08177400380373001
3168.png,0.013848356902599335
3169.png,0.8503269553184509
3170.png,0.7814508676528931
3171.png,0.7483636140823364
3172.png,0.3045993447303772
3173.png,0.9269264340400696
3174.png,0.03930056840181351
3175.png,0.012321398593485355
3176.png,0.9989663362503052
3177.png,0.08271188288927078
3178.png,0.8937726020812988
3179.png,0.0751989483833313
3180.png,0.47156068682670593
3181.png,0.039078280329704285
3182.png,0.12072157114744186
3183.png,0.9992467164993286
3184.png,0.020989902317523956
3185.png,0.16967564821243286
3186.png,0.043690942227840424
3187.png,0.8786386847496033
3188.png,0.9927772283554077
3189.png,0.043287552893161774
3190.png,0.882560133934021
3191.png,0.981689453125
3192.png,0.8619599342346191
3193.png,0.8368166089057922
3194.png,0.08275755494832993
3195.png,0.08299627155065536
3196.png,0.4216504395008087
3197.png,0.29212555289268494
3198.png,0.5695823431015015
3199.png,0.9990099668502808
3200.png,0.03330693021416664
3201.png,0.049731314182281494
3202.png,0.7022069692611694
3203.png,0.004880577325820923
3204.png,0.8663164377212524
3205.png,0.9989010095596313
3206.png,0.9870765805244446
3207.png,0.20155231654644012
3208.png,0.953474223613739
3209.png,0.0018954110564664006
3210.png,0.04287024587392807
3211.png,0.6798726916313171
3212.png,0.7938349843025208
3213.png,0.10770773887634277
3214.png,0.1323501318693161
3215.png,0.894173264503479
3216.png,0.0015905684558674693
3217.png,0.9933595061302185
3218.png,0.00516142463311553
3219.png,0.8047693371772766
3220.png,0.9957191348075867
3221.png,0.8728869557380676
3222.png,0.9705420136451721
3223.png,0.7349860072135925
3224.png,0.004798333626240492
3225.png,0.9138725399971008
3226.png,0.9991186261177063
3227.png,0.9975097179412842
3228.png,0.5299593210220337
3229.png,0.6123539805412292
3230.png,0.8817617893218994
3231.png,0.17654135823249817
3232.png,0.7268958687782288
3233.png,0.9114342927932739
3234.png,0.4885212481021881
3235.png,0.06431055068969727
3236.png,0.9958429932594299
3237.png,0.025637958198785782
3238.png,0.9244335889816284
3239.png,0.12566016614437103
3240.png,0.06991349160671234
3241.png,0.4566100537776947
3242.png,0.028936082497239113
3243.png,0.8722847700119019
3244.png,0.9461661577224731
3245.png,0.4476146399974823
3246.png,0.3586178123950958
3247.png,0.9048576951026917
3248.png,0.935874879360199
3249.png,0.529482364654541
3250.png,0.9961495399475098
3251.png,0.9558089971542358
3252.png,0.4715892970561981
3253.png,0.059602051973342896
3254.png,0.7828673720359802
3255.png,0.43453463912010193
3256.png,0.5837290287017822
3257.png,0.8577816486358643
3258.png,0.09367848932743073
3259.png,0.9934584498405457
3260.png,0.06604292243719101
3261.png,0.9562689065933228
3262.png,0.84892737865448
3263.png,0.9995026588439941
3264.png,0.0027356629725545645
3265.png,0.7226549386978149
3266.png,0.9991581439971924
3267.png,0.47132888436317444
3268.png,0.3717859983444214
3269.png,0.2902371883392334
3270.png,0.9735288619995117
3271.png,0.9992625117301941
3272.png,0.9827425479888916
3273.png,0.16336816549301147
3274.png,0.01773638278245926
3275.png,0.9453604817390442
3276.png,0.9995536208152771
3277.png,0.01540013775229454
3278.png,0.9994542002677917
3279.png,0.017773697152733803
3280.png,0.09720878303050995
3281.png,0.8601518869400024
3282.png,0.9988604784011841
3283.png,0.7514234185218811
3284.png,0.005106669384986162
3285.png,0.07466484606266022
3286.png,0.9993057250976562
3287.png,0.9462802410125732
3288.png,0.028866948559880257
3289.png,0.944864809513092
3290.png,0.2993661165237427
3291.png,0.9550687074661255
3292.png,0.25163978338241577
3293.png,0.9758095145225525
3294.png,0.002424132078886032
3295.png,0.9822038412094116
3296.png,0.9985526204109192
3297.png,0.9991075396537781
3298.png,0.008690467104315758
3299.png,0.979732871055603
3300.png,0.8709877133369446
3301.png,0.9871761202812195
3302.png,0.9994926452636719
3303.png,0.21824944019317627
3304.png,0.06487845629453659
3305.png,0.9763502478599548
3306.png,0.9982151985168457
3307.png,0.3228051960468292
3308.png,0.48049479722976685
3309.png,0.3652779459953308
3310.png,0.9985994696617126
3311.png,0.9993435740470886
3312.png,0.030227666720747948
3313.png,0.5921853184700012
3314.png,0.02228749543428421
3315.png,0.6256803870201111
3316.png,0.524232029914856
3317.png,0.003514260519295931
3318.png,0.9005596041679382
3319.png,0.9993276596069336
3320.png,0.9978222846984863
3321.png,0.2434248924255371
3322.png,0.9701228737831116
3323.png,0.15258879959583282
3324.png,0.029261615127325058
3325.png,0.9433743953704834
3326.png,0.8461182117462158
3327.png,0.0033176529686897993
3328.png,0.9812337160110474
3329.png,0.30843374133110046
3330.png,0.9985055923461914
3331.png,0.5994412302970886
3332.png,0.4044231176376343
3333.png,0.9913972616195679
3334.png,0.13765399158000946
3335.png,0.1069759652018547
3336.png,0.9681439399719238
3337.png,0.9505391716957092
3338.png,0.6417519450187683
3339.png,0.5112767219543457
3340.png,0.905502438545227
3341.png,0.28228965401649475
3342.png,0.09638188779354095
3343.png,0.6316781044006348
3344.png,0.6711854934692383
3345.png,0.9996373653411865
3346.png,0.10456643253564835
3347.png,0.1988551765680313
3348.png,0.9455074071884155
3349.png,0.9302847981452942
3350.png,0.4007461965084076
3351.png,0.3834852874279022
3352.png,0.6712573766708374
3353.png,0.8731682896614075
3354.png,0.9368899464607239
3355.png,0.1386004090309143
3356.png,0.8881505131721497
3357.png,0.9882086515426636
3358.png,0.1268918663263321
3359.png,0.9988275170326233
3360.png,0.007093837950378656
3361.png,0.6464667320251465
3362.png,0.7557962536811829
3363.png,0.9959201812744141
3364.png,0.888166069984436
3365.png,0.5276796817779541
3366.png,0.8794435262680054
3367.png,0.6302686333656311
3368.png,0.029121100902557373
3369.png,0.267638236284256
3370.png,0.9994200468063354
3371.png,0.9339069128036499
3372.png,0.9479127526283264
3373.png,0.9893752336502075
3374.png,0.005277650430798531
3375.png,0.07328950613737106
3376.png,0.9365392327308655
3377.png,0.001857465598732233
3378.png,0.9344949722290039
3379.png,0.9991403818130493
3380.png,0.007471477147191763
3381.png,0.512738049030304
3382.png,0.9319567680358887
3383.png,0.05840291082859039
3384.png,0.9442141652107239
3385.png,0.9989816546440125
3386.png,0.1942276507616043
3387.png,0.9689160585403442
3388.png,0.6664085388183594
3389.png,0.13480931520462036
3390.png,0.043417852371931076
3391.png,0.05696340650320053
3392.png,0.8145821690559387
3393.png,0.8084841370582581
3394.png,0.8844267129898071
3395.png,0.00318953488022089
3396.png,0.8580548167228699
3397.png,0.04935918375849724
3398.png,0.9996034502983093
3399.png,0.05101080983877182
3400.png,0.9494374990463257
3401.png,0.9123113751411438
3402.png,0.8640565276145935
3403.png,0.9969224333763123
3404.png,0.021554285660386086
3405.png,0.8308305144309998
3406.png,0.9055774211883545
3407.png,0.999607264995575
3408.png,0.030267229303717613
3409.png,0.8270079493522644
3410.png,0.0013353957328945398
3411.png,0.9109256863594055
3412.png,0.24891990423202515
3413.png,0.2779219448566437
3414.png,0.373701274394989
3415.png,0.018036141991615295
3416.png,0.033974532037973404
3417.png,0.26240062713623047
3418.png,0.008073369972407818
3419.png,0.2935841381549835
3420.png,0.9966906309127808
3421.png,0.6188177466392517
3422.png,0.7967421412467957
3423.png,0.9984031319618225
3424.png,0.9994294047355652
3425.png,0.9995880722999573
3426.png,0.10242010653018951
3427.png,0.6143428087234497
3428.png,0.03950265049934387
3429.png,0.9225242733955383
3430.png,0.9982327222824097
3431.png,0.9951275587081909
3432.png,0.17334870994091034
3433.png,0.2885240614414215
3434.png,0.10751637816429138
3435.png,0.02982662431895733
3436.png,0.9719426035881042
3437.png,0.8632254004478455
3438.png,0.952504575252533
3439.png,0.6526997089385986
3440.png,0.4634166955947876
3441.png,0.3804701864719391
3442.png,0.013020833022892475
3443.png,0.9990884065628052
3444.png,0.26062196493148804
3445.png,0.7462222576141357
3446.png,0.8412362933158875
3447.png,0.972134530544281
3448.png,0.060856711119413376
3449.png,0.5854060649871826
3450.png,0.9565297365188599
3451.png,0.8671479225158691
3452.png,0.0017550754128023982
3453.png,0.25604450702667236
3454.png,0.003955239895731211
3455.png,0.008737447671592236
3456.png,0.7818346619606018
3457.png,0.9821667671203613
3458.png,0.9806304574012756
3459.png,0.9986244440078735
3460.png,0.6683733463287354
3461.png,0.48099780082702637
3462.png,0.9442737698554993
3463.png,0.3077410161495209
3464.png,0.9539886116981506
3465.png,0.0018695119069889188
3466.png,0.0183789674192667
3467.png,0.13352860510349274
3468.png,0.9732945561408997
3469.png,0.17183013260364532
3470.png,0.0041824509389698505
3471.png,0.9054301977157593
3472.png,0.6407068967819214
3473.png,0.7754361033439636
3474.png,0.8106040358543396
3475.png,0.011453204788267612
3476.png,0.4451749622821808
3477.png,0.00145249895285815
3478.png,0.07080769538879395
3479.png,0.694251298904419
3480.png,0.9983388185501099
3481.png,0.8192836046218872
3482.png,0.05111672729253769
3483.png,0.9994567036628723
3484.png,0.9336856603622437
3485.png,0.016031991690397263
3486.png,0.9545024037361145
3487.png,0.9985621571540833
3488.png,0.9996408224105835
3489.png,0.4525061547756195
3490.png,0.015034238807857037
3491.png,0.3111876845359802
3492.png,0.49406370520591736
3493.png,0.0045015644282102585
3494.png,0.11980284005403519
3495.png,0.9049704074859619
3496.png,0.38246268033981323
3497.png,0.4552454948425293
3498.png,0.3066040277481079
3499.png,0.9153003692626953
3500.png,0.027813738211989403
3501.png,0.9714549779891968
3502.png,0.012392863631248474
3503.png,0.9682012796401978
3504.png,0.006153478752821684
3505.png,0.04251706972718239
3506.png,0.01898025907576084
3507.png,0.9281213879585266
3508.png,0.7160805463790894
3509.png,0.5507239699363708
3510.png,0.20473848283290863
3511.png,0.9747437834739685
3512.png,0.9630952477455139
3513.png,0.015695514157414436
3514.png,0.3238585293292999
3515.png,0.3761324882507324
3516.png,0.02027149312198162
3517.png,0.05407671630382538
3518.png,0.0939311534166336
3519.png,0.65167236328125
3520.png,0.0025649701710790396
3521.png,0.9415820240974426
3522.png,0.9409294128417969
3523.png,0.908456563949585
3524.png,0.28512996435165405
3525.png,0.9989965558052063
3526.png,0.03648659959435463
3527.png,0.9845823049545288
3528.png,0.009369312785565853
3529.png,0.05664508417248726
3530.png,0.595260739326477
3531.png,0.10318334400653839
3532.png,0.9142336845397949
3533.png,0.04081231728196144
3534.png,0.9994932413101196
3535.png,0.5374652147293091
3536.png,0.017943767830729485
3537.png,0.08701831847429276
3538.png,0.9993359446525574
3539.png,0.07646489888429642
3540.png,0.04868098720908165
3541.png,0.24083422124385834
3542.png,0.9500765800476074
3543.png,0.15304717421531677
3544.png,0.1943763792514801
3545.png,0.21430867910385132
3546.png,0.22863233089447021
3547.png,0.9797658324241638
3548.png,0.9977070093154907
3549.png,0.05546935647726059
3550.png,0.7046753764152527
3551.png,0.291257381439209
3552.png,0.13168945908546448
3553.png,0.23742958903312683
3554.png,0.9521176815032959
3555.png,0.9984716773033142
3556.png,0.019069451838731766
3557.png,0.9977912902832031
3558.png,0.0009695061598904431
3559.png,0.682531476020813
3560.png,0.998630702495575
3561.png,0.999599277973175
3562.png,0.1686704307794571
3563.png,0.9854581356048584
3564.png,0.03244638815522194
3565.png,0.5126230120658875
3566.png,0.00941157154738903
3567.png,0.7520990967750549
3568.png,0.9711918234825134
3569.png,0.38849419355392456
3570.png,0.9344434142112732
3571.png,0.6198435425758362
3572.png,0.6007447838783264
3573.png,0.9966562986373901
3574.png,0.9981423616409302
3575.png,0.06391078233718872
3576.png,0.9995715022087097
3577.png,0.01310594193637371
3578.png,0.7143417596817017
3579.png,0.2328704595565796
3580.png,0.11526025086641312
3581.png,0.0377873070538044
3582.png,0.2199653536081314
3583.png,0.014068752527236938
3584.png,0.28970828652381897
3585.png,0.9481521248817444
3586.png,0.036716606467962265
3587.png,0.9995988011360168
3588.png,0.9830322265625
3589.png,0.9904317259788513
3590.png,0.022799065336585045
3591.png,0.008195475675165653
3592.png,0.10702307522296906
3593.png,0.5073595643043518
3594.png,0.14611531794071198
3595.png,0.17298083007335663
3596.png,0.9931188821792603
3597.png,0.4013170301914215
3598.png,0.7947675585746765
3599.png,0.1907614916563034
3600.png,0.7278133034706116
3601.png,0.857859194278717
3602.png,0.9474271535873413
3603.png,0.07936076819896698
3604.png,0.0022503717336803675
3605.png,0.9984320998191833
3606.png,0.9584466814994812
3607.png,0.6553215384483337
3608.png,0.1949070245027542
3609.png,0.10053638368844986
3610.png,0.9995730519294739
3611.png,0.9519855380058289
3612.png,0.998647153377533
3613.png,0.002236591652035713
3614.png,0.03344403952360153
3615.png,0.06292498856782913
3616.png,0.27541983127593994
3617.png,0.19058860838413239
3618.png,0.09675924479961395
3619.png,0.06968510150909424
3620.png,0.02259141206741333
3621.png,0.998988926410675
3622.png,0.038917649537324905
3623.png,0.06533683836460114
3624.png,0.19682832062244415
3625.png,0.9746399521827698
3626.png,0.19405977427959442
3627.png,0.9983548521995544
3628.png,0.0007289436180144548
3629.png,0.035735540091991425
3630.png,0.2519727051258087
3631.png,0.7409255504608154
3632.png,0.03685932978987694
3633.png,0.07870441675186157
3634.png,0.05802406743168831
3635.png,0.06643219292163849
3636.png,0.9962277412414551
3637.png,0.04649317264556885
3638.png,0.069722481071949
3639.png,0.9376092553138733
3640.png,0.8618038892745972
3641.png,0.996807873249054
3642.png,0.9996696710586548
3643.png,0.846903920173645
3644.png,0.5932199954986572
3645.png,0.9996336698532104
3646.png,0.576646625995636
3647.png,0.9975531697273254
3648.png,0.9982536435127258
3649.png,0.9994668364524841
3650.png,0.854756772518158
3651.png,0.8908374905586243
3652.png,0.9994117021560669
3653.png,0.9980043768882751
3654.png,0.9959797859191895
3655.png,0.9866416454315186
3656.png,0.07649265974760056
3657.png,0.07571373134851456
3658.png,0.001121347420848906
3659.png,0.8558527231216431
3660.png,0.6580262184143066
3661.png,0.998943030834198
3662.png,0.1966640204191208
3663.png,0.017953040078282356
3664.png,0.9213777184486389
3665.png,0.10497193783521652
3666.png,0.9989073276519775
3667.png,0.5980452299118042
3668.png,0.4430750906467438
3669.png,0.6525776982307434
3670.png,0.2079174518585205
3671.png,0.9102402925491333
3672.png,0.8553104996681213
3673.png,0.9758561849594116
3674.png,0.003240871476009488
3675.png,0.7705577611923218
3676.png,0.041021231561899185
3677.png,0.719704270362854
3678.png,0.12297588586807251
3679.png,0.30803677439689636
3680.png,0.92987060546875
3681.png,0.6847586035728455
3682.png,0.0038120688404887915
3683.png,0.8069645762443542
3684.png,0.0608593113720417
3685.png,0.9593309760093689
3686.png,0.36133161187171936
3687.png,0.0011470905737951398
3688.png,0.8349754214286804
3689.png,0.6258905529975891
3690.png,0.010576504282653332
3691.png,0.984355628490448
3692.png,0.35159602761268616
3693.png,0.015914998948574066
3694.png,0.34126439690589905
3695.png,0.9983867406845093
3696.png,0.9976422190666199
3697.png,0.08955155313014984
3698.png,0.823193371295929
3699.png,0.9117684364318848
3700.png,0.9992928504943848
3701.png,0.04100795090198517
3702.png,0.08991509675979614
3703.png,0.8575636744499207
3704.png,0.007952610962092876
3705.png,0.3532581925392151
3706.png,0.980836033821106
3707.png,0.999542236328125
3708.png,0.01871250756084919
3709.png,0.9982824325561523
3710.png,0.9940549731254578
3711.png,0.9597366452217102
3712.png,0.9991624355316162
3713.png,0.03957401216030121
3714.png,0.1671026200056076
3715.png,0.8379053473472595
3716.png,0.2080616056919098
3717.png,0.9955884218215942
3718.png,0.06959468126296997
3719.png,0.022585216909646988
3720.png,0.866033673286438
3721.png,0.06706097722053528
3722.png,0.25790831446647644
3723.png,0.9958421587944031
3724.png,0.029266800731420517
3725.png,0.05493452772498131
3726.png,0.003201089333742857
3727.png,0.9986733198165894
3728.png,0.07596472650766373
3729.png,0.9952647686004639
3730.png,0.02959422394633293
3731.png,0.42052942514419556
3732.png,0.0071993484161794186
3733.png,0.6346950531005859
3734.png,0.006133828777819872
3735.png,0.6625480055809021
3736.png,0.11133288592100143
3737.png,0.8625977635383606
3738.png,0.931766152381897
3739.png,0.05820469185709953
3740.png,0.018438052386045456
3741.png,0.8908609747886658
3742.png,0.2379358559846878
3743.png,0.6860727667808533
3744.png,0.5793670415878296
3745.png,0.9924582242965698
3746.png,0.6611745357513428
3747.png,0.8959305882453918
3748.png,0.9953624606132507
3749.png,0.44001224637031555
3750.png,0.7975439429283142
3751.png,0.42300736904144287
3752.png,0.9949579834938049
3753.png,0.19377560913562775
3754.png,0.005871227942407131
3755.png,0.9940747618675232
3756.png,0.09433361142873764
3757.png,0.9556387066841125
3758.png,0.8382694721221924
3759.png,0.9969798922538757
3760.png,0.12324778735637665
3761.png,0.9975124597549438
3762.png,0.9846621751785278
3763.png,0.019466344267129898
3764.png,0.9714598059654236
3765.png,0.1318591833114624
3766.png,0.5326191782951355
3767.png,0.024930816143751144
3768.png,0.9705900549888611
3769.png,0.9773402214050293
3770.png,0.0033144415356218815
3771.png,0.015629548579454422
3772.png,0.9994400143623352
3773.png,0.9991682767868042
3774.png,0.10575548559427261
3775.png,0.038250453770160675
3776.png,0.2870895266532898
3777.png,0.335669606924057
3778.png,0.027669500559568405
3779.png,0.002453586785122752
3780.png,0.8297765851020813
3781.png,0.20553132891654968
3782.png,0.9923093318939209
3783.png,0.0027477878611534834
3784.png,0.9258866310119629
3785.png,0.0015983993653208017
3786.png,0.11412400007247925
3787.png,0.9539588093757629
3788.png,0.07134267687797546
3789.png,0.8646179437637329
3790.png,0.9635582566261292
3791.png,0.9956491589546204
3792.png,0.9806038737297058
3793.png,0.8917697668075562
3794.png,0.015330464579164982
3795.png,0.0009832157520577312
3796.png,0.00913825910538435
3797.png,0.9993383288383484
3798.png,0.03278062492609024
3799.png,0.006234590895473957
3800.png,0.003202446736395359
3801.png,0.12401988357305527
3802.png,0.7790254354476929
3803.png,0.9988211989402771
3804.png,0.23822841048240662
3805.png,0.9986292123794556
3806.png,0.04481705278158188
3807.png,0.5241811275482178
3808.png,0.011082017794251442
3809.png,0.9799536466598511
3810.png,0.011430677026510239
3811.png,0.0006224180106073618
3812.png,0.9995191097259521
3813.png,0.9460185766220093
3814.png,0.551387369632721
3815.png,0.00455960538238287
3816.png,0.03890296071767807
3817.png,0.11336153000593185
3818.png,0.9985215067863464
3819.png,0.4284791946411133
3820.png,0.09571892768144608
3821.png,0.3673110604286194
3822.png,0.15383127331733704
3823.png,0.9926167130470276
3824.png,0.9364100098609924
3825.png,0.008076946251094341
3826.png,0.9274811744689941
3827.png,0.007328545209020376
3828.png,0.9964982271194458
3829.png,0.848228394985199
3830.png,0.22331593930721283
3831.png,0.9532623887062073
3832.png,0.6607657074928284
3833.png,0.13677044212818146
3834.png,0.9941494464874268
3835.png,0.006560512352734804
3836.png,0.8367940783500671
3837.png,0.0026112478226423264
3838.png,0.6020119786262512
3839.png,0.9984172582626343
3840.png,0.15618035197257996
3841.png,0.791199803352356
3842.png,0.1991756707429886
3843.png,0.03638140857219696
3844.png,0.9706972241401672
3845.png,0.6215996146202087
3846.png,0.9505271315574646
3847.png,0.8420925140380859
3848.png,0.030463894829154015
3849.png,0.9982372522354126
3850.png,0.9653923511505127
3851.png,0.17474408447742462
3852.png,0.7514223456382751
3853.png,0.03149088844656944
3854.png,0.8979700207710266
3855.png,0.8842322826385498
3856.png,0.0048641664907336235
3857.png,0.19364315271377563
3858.png,0.8440895080566406
3859.png,0.8377028703689575
3860.png,0.06381038576364517
3861.png,0.2681097686290741
3862.png,0.8289319276809692
3863.png,0.008876169100403786
3864.png,0.9997517466545105
3865.png,0.9989782571792603
3866.png,0.9993665814399719
3867.png,0.2929377555847168
3868.png,0.016336992383003235
3869.png,0.12470322102308273
3870.png,0.9944281578063965
3871.png,0.9996362924575806
3872.png,0.060964543372392654
3873.png,0.05663570389151573
3874.png,0.9572275280952454
3875.png,0.006883686408400536
3876.png,0.6156930327415466
3877.png,0.020913224667310715
3878.png,0.2567724585533142
3879.png,0.015310423448681831
3880.png,0.48798060417175293
3881.png,0.9094120860099792
3882.png,0.9441118836402893
3883.png,0.010512526147067547
3884.png,0.49326714873313904
3885.png,0.06270486861467361
3886.png,0.09799116104841232
3887.png,0.01708562858402729
3888.png,0.07960352301597595
3889.png,0.27576395869255066
3890.png,0.0024545686319470406
3891.png,0.03152938932180405
3892.png,0.03360879421234131
3893.png,0.09833920747041702
3894.png,0.5731669068336487
3895.png,0.3480505049228668
3896.png,0.9118218421936035
3897.png,0.8551095724105835
3898.png,0.8159503936767578
3899.png,0.9959927201271057
3900.png,0.1727009117603302
3901.png,0.442081093788147
3902.png,0.7614930868148804
3903.png,0.6940838098526001
3904.png,0.02340063825249672
3905.png,0.10432450473308563
3906.png,0.9111078977584839
3907.png,0.13452480733394623
3908.png,0.818077802658081
3909.png,0.0008045741124078631
3910.png,0.9980016350746155
3911.png,0.0021857498213648796
3912.png,0.06509193032979965
3913.png,0.3776923716068268
3914.png,0.9987296462059021
3915.png,0.5908195376396179
3916.png,0.8473962545394897
3917.png,0.9209062457084656
3918.png,0.996276319026947
3919.png,0.11796808242797852
3920.png,0.9912257790565491
3921.png,0.503104567527771
3922.png,0.998681366443634
3923.png,0.22974801063537598
3924.png,0.1467471718788147
3925.png,0.5604633092880249
3926.png,0.18914401531219482
3927.png,0.9361134171485901
3928.png,0.8320377469062805
3929.png,0.043207135051488876
3930.png,0.9849796891212463
3931.png,0.04839365929365158
3932.png,0.9559364318847656
3933.png,0.03123476728796959
3934.png,0.017479609698057175
3935.png,0.726256251335144
3936.png,0.8190354108810425
3937.png,0.04389321431517601
3938.png,0.26940879225730896
3939.png,0.785396158695221
3940.png,0.984023928642273
3941.png,0.9896289706230164
3942.png,0.2485421597957611
3943.png,0.07478182017803192
3944.png,0.911614179611206
3945.png,0.6854528784751892
3946.png,0.8756505846977234
3947.png,0.03929426148533821
3948.png,0.9966607093811035
3949.png,0.9996562004089355
3950.png,0.3627743124961853
3951.png,0.035367533564567566
3952.png,0.9995317459106445
3953.png,0.2201373428106308
3954.png,0.9249880909919739
3955.png,0.29360318183898926
3956.png,0.241238072514534
3957.png,0.2101765275001526
3958.png,0.22798141837120056
3959.png,0.9524482488632202
3960.png,0.9977477192878723
3961.png,0.9615355134010315
3962.png,0.06338077783584595
3963.png,0.5428242683410645
3964.png,0.532720148563385
3965.png,0.695166826248169
3966.png,0.8867868185043335
3967.png,0.5331480503082275
3968.png,0.5729839205741882
3969.png,0.015715742483735085
3970.png,0.004111859947443008
3971.png,0.2678163945674896
3972.png,0.48399659991264343
3973.png,0.9554159045219421
3974.png,0.613175630569458
3975.png,0.9804691672325134
3976.png,0.8048170208930969
3977.png,0.21028466522693634
3978.png,0.9560856223106384
3979.png,0.9646324515342712
3980.png,0.05511558800935745
3981.png,0.5307326316833496
3982.png,0.9584131836891174
3983.png,0.8831446766853333
3984.png,0.6017078757286072
3985.png,0.002570908283814788
3986.png,0.9454450011253357
3987.png,0.014489383436739445
3988.png,0.0008466645958833396
3989.png,0.9996312856674194
3990.png,0.007126534357666969
3991.png,0.8207619190216064
3992.png,0.4148901104927063
3993.png,0.4014217257499695
3994.png,0.10812807083129883
3995.png,0.9995383024215698
3996.png,0.09864671528339386
3997.png,0.9068397879600525
3998.png,0.9387179613113403
3999.png,0.87688809633255
4000.png,0.31434789299964905
4001.png,0.9350365996360779
4002.png,0.06658980995416641
4003.png,0.9972577691078186
4004.png,0.1873152107000351
4005.png,0.019131319597363472
4006.png,0.9994857311248779
4007.png,0.004098891280591488
4008.png,0.4965425133705139
4009.png,0.0010165665298700333
4010.png,0.21956989169120789
4011.png,0.4089218080043793
4012.png,0.01616678386926651
4013.png,0.47450852394104004
4014.png,0.9386428594589233
4015.png,0.35698187351226807
4016.png,0.019640805199742317
4017.png,0.9874094128608704
4018.png,0.07053405791521072
4019.png,0.4695258140563965
4020.png,0.30809250473976135
4021.png,0.2051801234483719
4022.png,0.9730797410011292
4023.png,0.946038544178009
4024.png,0.911320149898529
4025.png,0.15243765711784363
4026.png,0.9990313053131104
4027.png,0.9835228323936462
4028.png,0.9666146636009216
4029.png,0.9495047926902771
4030.png,0.060366347432136536
4031.png,0.951407790184021
4032.png,0.9995744824409485
4033.png,0.01786516234278679
4034.png,0.06484681367874146
4035.png,0.023225726559758186
4036.png,0.951202929019928
4037.png,0.025863250717520714
4038.png,0.14333850145339966
4039.png,0.9078148007392883
4040.png,0.958489716053009
4041.png,0.18343126773834229
4042.png,0.03891594335436821
4043.png,0.9586228132247925
4044.png,0.006780426483601332
4045.png,0.43862634897232056
4046.png,0.031072400510311127
4047.png,0.9992918968200684
4048.png,0.9990710020065308
4049.png,0.0125403618440032
4050.png,0.9950030446052551
4051.png,0.6746705770492554
4052.png,0.8687275648117065
4053.png,0.9748431444168091
4054.png,0.8285002112388611
4055.png,0.9996792078018188
4056.png,0.9997046589851379
4057.png,0.1573813557624817
4058.png,0.9779115319252014
4059.png,0.45569029450416565
4060.png,0.25983524322509766
4061.png,0.05099036917090416
4062.png,0.1619805544614792
4063.png,0.3202797770500183
4064.png,0.06308472901582718
4065.png,0.39812126755714417
4066.png,0.31776314973831177
4067.png,0.09604184329509735
4068.png,0.9982421398162842
4069.png,0.035656560212373734
4070.png,0.16822372376918793
4071.png,0.683818519115448
4072.png,0.995309054851532
4073.png,0.7781775593757629
4074.png,0.6936959624290466
4075.png,0.007786649279296398
4076.png,0.022939302027225494
4077.png,0.025549085810780525
4078.png,0.03232715651392937
4079.png,0.9587284922599792
4080.png,0.973300576210022
4081.png,0.9254654049873352
4082.png,0.026973824948072433
4083.png,0.16072329878807068
4084.png,0.04645084589719772
4085.png,0.023996636271476746
4086.png,0.915258526802063
4087.png,0.8623479604721069
4088.png,0.999453604221344
4089.png,0.9758545756340027
4090.png,0.794518768787384
4091.png,0.9383028745651245
4092.png,0.9776475429534912
4093.png,0.9802433848381042
4094.png,0.03726956248283386
4095.png,0.8188359141349792
4096.png,0.5407228469848633
4097.png,0.10278941690921783
4098.png,0.46976354718208313
4099.png,0.8821508288383484
4100.png,0.030090106651186943
4101.png,0.8123278021812439
4102.png,0.9983277916908264
4103.png,0.5841375589370728
4104.png,0.04634683579206467
4105.png,0.35689738392829895
4106.png,0.5213948488235474
4107.png,0.9996263980865479
4108.png,0.9991114735603333
4109.png,0.932529866695404
4110.png,0.3570042550563812
4111.png,0.9406264424324036
4112.png,0.0033093951642513275
4113.png,0.997545063495636
4114.png,0.9980437755584717
4115.png,0.9990707635879517
4116.png,0.5935376882553101
4117.png,0.11683443188667297
4118.png,0.22587789595127106
4119.png,0.11572296172380447
4120.png,0.12972491979599
4121.png,0.04044158756732941
4122.png,0.509636640548706
4123.png,0.51191645860672
4124.png,0.3193221390247345
4125.png,0.11817795038223267
4126.png,0.9837644696235657
4127.png,0.28738099336624146
4128.png,0.16035760939121246
4129.png,0.2062961906194687
4130.png,0.41737794876098633
4131.png,0.9961915016174316
4132.png,0.997079610824585
4133.png,0.7172530889511108
4134.png,0.996060311794281
4135.png,0.008456995710730553
4136.png,0.07318095862865448
4137.png,0.0026821692008525133
4138.png,0.9987937211990356
4139.png,0.4036850035190582
4140.png,0.971209704875946
4141.png,0.6749356389045715
4142.png,0.9992340803146362
4143.png,0.7908902168273926
4144.png,0.8180884718894958
4145.png,0.3086935877799988
4146.png,0.5669134259223938
4147.png,0.5809109807014465
4148.png,0.037056829780340195
4149.png,0.7212186455726624
4150.png,0.9280931353569031
4151.png,0.03824359551072121
4152.png,0.9746413826942444
4153.png,0.9897634983062744
4154.png,0.4559163749217987
4155.png,0.2519216239452362
4156.png,0.7595392465591431
4157.png,0.7631087899208069
4158.png,0.04071987420320511
4159.png,0.9397215843200684
4160.png,0.022581912577152252
4161.png,0.9953521490097046
4162.png,0.8861852884292603
4163.png,0.2598362863063812
4164.png,0.9971644282341003
4165.png,0.9251742959022522
4166.png,0.9974644184112549
4167.png,0.843172550201416
4168.png,0.9995713829994202
4169.png,0.12880776822566986
4170.png,0.9086913466453552
4171.png,0.49155595898628235
4172.png,0.0165910292416811
4173.png,0.2911936044692993
4174.png,0.011695082299411297
4175.png,0.38608577847480774
4176.png,0.0973563864827156
4177.png,0.044098056852817535
4178.png,0.964365541934967
4179.png,0.0022857568692415953
4180.png,0.060748498886823654
4181.png,0.45023685693740845
4182.png,0.9994895458221436
4183.png,0.4837643802165985
4184.png,0.9530931115150452
4185.png,0.9504849910736084
4186.png,0.9504584074020386
4187.png,0.997886598110199
4188.png,0.40264013409614563
4189.png,0.604777991771698
4190.png,0.9973691701889038
4191.png,0.0027137103024870157
4192.png,0.994574248790741
4193.png,0.9168441891670227
4194.png,0.11627691984176636
4195.png,0.7064862251281738
4196.png,0.9741642475128174
4197.png,0.022040775045752525
4198.png,0.9341780543327332
4199.png,0.008741172961890697
4200.png,0.42707711458206177
4201.png,0.06977058202028275
4202.png,0.7342824935913086
4203.png,0.30383098125457764
4204.png,0.9783172011375427
4205.png,0.944234311580658
4206.png,0.03758222982287407
4207.png,0.033193159848451614
4208.png,0.9107722640037537
4209.png,0.013614635914564133
4210.png,0.05850667506456375
4211.png,0.02659718133509159
4212.png,0.08218349516391754
4213.png,0.8702753186225891
4214.png,0.1355091780424118
4215.png,0.9195370078086853
4216.png,0.19652687013149261
4217.png,0.07734379917383194
4218.png,0.03973284736275673
4219.png,0.009280622936785221
4220.png,0.9966488480567932
4221.png,0.41609129309654236
4222.png,0.05840735137462616
4223.png,0.09539467841386795
4224.png,0.07227714359760284
4225.png,0.1305789053440094
4226.png,0.6928737759590149
4227.png,0.05010390654206276
4228.png,0.9201757907867432
4229.png,0.8412688374519348
4230.png,0.29529955983161926
4231.png,0.7154144048690796
4232.png,0.3292192220687866
4233.png,0.14761410653591156
4234.png,0.3661537766456604
4235.png,0.2547963261604309
4236.png,0.5262357592582703
4237.png,0.022056113928556442
4238.png,0.01880430243909359
4239.png,0.023678330704569817
4240.png,0.5789654850959778
4241.png,0.3756515681743622
4242.png,0.7502055168151855
4243.png,0.022634895518422127
4244.png,0.7220889925956726
4245.png,0.007183169946074486
4246.png,0.8733199834823608
4247.png,0.0169370099902153
4248.png,0.3531997501850128
4249.png,0.9994499087333679
4250.png,0.43540552258491516
4251.png,0.9983720183372498
4252.png,0.9875068664550781
4253.png,0.014003113843500614
4254.png,0.9988112449645996
4255.png,0.14070196449756622
4256.png,0.0857456773519516
4257.png,0.29419034719467163
4258.png,0.9054955840110779
4259.png,0.07854096591472626
4260.png,0.8546770215034485
4261.png,0.11019378155469894
4262.png,0.048864271491765976
4263.png,0.7749668955802917
4264.png,0.956377387046814
4265.png,0.004772721789777279
4266.png,0.7416675090789795
4267.png,0.8059735298156738
4268.png,0.004559467080980539
4269.png,0.17948691546916962
4270.png,0.9522393941879272
4271.png,0.8102505207061768
4272.png,0.9536709785461426
4273.png,0.018294228240847588
4274.png,0.9987645149230957
4275.png,0.4692753255367279
4276.png,0.1384778916835785
4277.png,0.03572260960936546
4278.png,0.6120679378509521
4279.png,0.9989156723022461
4280.png,0.1540428251028061
4281.png,0.17379160225391388
4282.png,0.7850059270858765
4283.png,0.49005192518234253
4284.png,0.047988224774599075
4285.png,0.3709288537502289
4286.png,0.3261873126029968
4287.png,0.7842690348625183
4288.png,0.9985796213150024
4289.png,0.006809740327298641
4290.png,0.998945415019989
4291.png,0.32392969727516174
4292.png,0.7223032712936401
4293.png,0.19453032314777374
4294.png,0.9974939823150635
4295.png,0.010258768685162067
4296.png,0.39603492617607117
4297.png,0.06703662127256393
4298.png,0.7434306144714355
4299.png,0.6645209789276123
4300.png,0.9876071810722351
4301.png,0.005096485838294029
4302.png,0.18148145079612732
4303.png,0.04563524201512337
4304.png,0.9348018765449524
4305.png,0.0007200923864729702
4306.png,0.6568803787231445
4307.png,0.9984887838363647
4308.png,0.08312314003705978
4309.png,0.9987195730209351
4310.png,0.027087656781077385
4311.png,0.030518796294927597
4312.png,0.9744937419891357
4313.png,0.6461740136146545
4314.png,0.9969654679298401
4315.png,0.5523963570594788
4316.png,0.7266184687614441
4317.png,0.04013094678521156
4318.png,0.8303101062774658
4319.png,0.32141053676605225
4320.png,0.5545077919960022
4321.png,0.9567856788635254
4322.png,0.01402935478836298
4323.png,0.8743014931678772
4324.png,0.0013186121359467506
4325.png,0.9990090131759644
4326.png,0.08306995779275894
4327.png,0.9825437664985657
4328.png,0.0035645440220832825
4329.png,0.08591052144765854
4330.png,0.017626183107495308
4331.png,0.888767659664154
4332.png,0.17340852320194244
4333.png,0.25384560227394104
4334.png,0.9984257221221924
4335.png,0.8719850778579712
4336.png,0.7743732333183289
4337.png,0.7966106534004211
4338.png,0.24198204278945923
4339.png,0.9967832565307617
4340.png,0.02535371296107769
4341.png,0.17334380745887756
4342.png,0.9995569586753845
4343.png,0.816727876663208
4344.png,0.8643490672111511
4345.png,0.031330376863479614
4346.png,0.9816306233406067
4347.png,0.9982640147209167
4348.png,0.11187344789505005
4349.png,0.16643817722797394
4350.png,0.9862013459205627
4351.png,0.05292212590575218
4352.png,0.002048745984211564
4353.png,0.9981073141098022
4354.png,0.5695038437843323
4355.png,0.9961079955101013
