image_name,label
0000.png,0
0001.png,1
0002.png,1
0003.png,1
0004.png,0
0005.png,1
0006.png,1
0007.png,1
0008.png,1
0009.png,0
0010.png,0
0011.png,1
0012.png,0
0013.png,1
0014.png,1
0015.png,1
0016.png,1
0017.png,0
0018.png,0
0019.png,1
0020.png,0
0021.png,1
0022.png,0
0023.png,0
0024.png,1
0025.png,1
0026.png,1
0027.png,1
0028.png,0
0029.png,1
0030.png,0
0031.png,1
0032.png,0
0033.png,1
0034.png,0
0035.png,1
0036.png,0
0037.png,1
0038.png,0
0039.png,1
0040.png,1
0041.png,1
0042.png,1
0043.png,1
0044.png,0
0045.png,0
0046.png,1
0047.png,0
0048.png,0
0049.png,1
0050.png,1
0051.png,0
0052.png,0
0053.png,0
0054.png,0
0055.png,0
0056.png,0
0057.png,1
0058.png,1
0059.png,1
0060.png,0
0061.png,0
0062.png,1
0063.png,1
0064.png,1
0065.png,1
0066.png,1
0067.png,1
0068.png,1
0069.png,0
0070.png,1
0071.png,0
0072.png,1
0073.png,1
0074.png,0
0075.png,1
0076.png,1
0077.png,1
0078.png,1
0079.png,1
0080.png,0
0081.png,0
0082.png,0
0083.png,1
0084.png,1
0085.png,0
0086.png,0
0087.png,0
0088.png,0
0089.png,1
0090.png,1
0091.png,0
0092.png,1
0093.png,1
0094.png,0
0095.png,0
0096.png,0
0097.png,0
0098.png,0
0099.png,1
0100.png,1
0101.png,1
0102.png,1
0103.png,1
0104.png,1
0105.png,0
0106.png,1
0107.png,0
0108.png,1
0109.png,0
0110.png,0
0111.png,0
0112.png,1
0113.png,1
0114.png,0
0115.png,0
0116.png,0
0117.png,1
0118.png,1
0119.png,0
0120.png,0
0121.png,0
0122.png,0
0123.png,1
0124.png,0
0125.png,1
0126.png,1
0127.png,0
0128.png,1
0129.png,1
0130.png,0
0131.png,1
0132.png,1
0133.png,1
0134.png,0
0135.png,1
0136.png,0
0137.png,0
0138.png,1
0139.png,1
0140.png,1
0141.png,0
0142.png,1
0143.png,1
0144.png,0
0145.png,0
0146.png,1
0147.png,0
0148.png,0
0149.png,0
0150.png,0
0151.png,0
0152.png,0
0153.png,1
0154.png,0
0155.png,1
0156.png,1
0157.png,1
0158.png,1
0159.png,0
0160.png,1
0161.png,1
0162.png,1
0163.png,0
0164.png,1
0165.png,1
0166.png,0
0167.png,1
0168.png,0
0169.png,0
0170.png,0
0171.png,1
0172.png,0
0173.png,1
0174.png,0
0175.png,0
0176.png,0
0177.png,1
0178.png,0
0179.png,1
0180.png,1
0181.png,1
0182.png,0
0183.png,1
0184.png,0
0185.png,1
0186.png,0
0187.png,0
0188.png,0
0189.png,1
0190.png,0
0191.png,1
0192.png,0
0193.png,0
0194.png,1
0195.png,1
0196.png,0
0197.png,0
0198.png,0
0199.png,0
0200.png,0
0201.png,1
0202.png,1
0203.png,1
0204.png,1
0205.png,1
0206.png,0
0207.png,1
0208.png,1
0209.png,0
0210.png,0
0211.png,1
0212.png,0
0213.png,0
0214.png,1
0215.png,0
0216.png,0
0217.png,0
0218.png,0
0219.png,1
0220.png,0
0221.png,0
0222.png,1
0223.png,1
0224.png,1
0225.png,0
0226.png,0
0227.png,0
0228.png,1
0229.png,1
0230.png,0
0231.png,1
0232.png,0
0233.png,1
0234.png,0
0235.png,1
0236.png,0
0237.png,0
0238.png,0
0239.png,1
0240.png,1
0241.png,0
0242.png,1
0243.png,0
0244.png,0
0245.png,0
0246.png,1
0247.png,0
0248.png,1
0249.png,0
0250.png,1
0251.png,0
0252.png,1
0253.png,0
0254.png,1
0255.png,0
0256.png,1
0257.png,1
0258.png,1
0259.png,1
0260.png,1
0261.png,1
0262.png,1
0263.png,1
0264.png,1
0265.png,0
0266.png,1
0267.png,1
0268.png,1
0269.png,1
0270.png,1
0271.png,1
0272.png,1
0273.png,0
0274.png,0
0275.png,1
0276.png,1
0277.png,1
0278.png,0
0279.png,0
0280.png,1
0281.png,1
0282.png,1
0283.png,1
0284.png,1
0285.png,1
0286.png,0
0287.png,0
0288.png,0
0289.png,0
0290.png,0
0291.png,1
0292.png,1
0293.png,1
0294.png,0
0295.png,1
0296.png,0
0297.png,1
0298.png,0
0299.png,0
0300.png,0
0301.png,0
0302.png,0
0303.png,1
0304.png,0
0305.png,0
0306.png,1
0307.png,1
0308.png,0
0309.png,0
0310.png,1
0311.png,1
0312.png,1
0313.png,0
0314.png,1
0315.png,1
0316.png,0
0317.png,1
0318.png,0
0319.png,0
0320.png,1
0321.png,0
0322.png,1
0323.png,0
0324.png,0
0325.png,0
0326.png,1
0327.png,0
0328.png,1
0329.png,1
0330.png,1
0331.png,1
0332.png,1
0333.png,0
0334.png,0
0335.png,1
0336.png,1
0337.png,0
0338.png,0
0339.png,0
0340.png,0
0341.png,1
0342.png,1
0343.png,0
0344.png,0
0345.png,1
0346.png,1
0347.png,1
0348.png,1
0349.png,1
0350.png,1
0351.png,0
0352.png,0
0353.png,1
0354.png,0
0355.png,0
0356.png,1
0357.png,1
0358.png,1
0359.png,1
0360.png,0
0361.png,1
0362.png,1
0363.png,1
0364.png,1
0365.png,1
0366.png,1
0367.png,0
0368.png,0
0369.png,0
0370.png,1
0371.png,1
0372.png,0
0373.png,0
0374.png,0
0375.png,0
0376.png,1
0377.png,1
0378.png,1
0379.png,0
0380.png,1
0381.png,0
0382.png,1
0383.png,0
0384.png,0
0385.png,0
0386.png,0
0387.png,1
0388.png,1
0389.png,0
0390.png,0
0391.png,1
0392.png,1
0393.png,1
0394.png,0
0395.png,0
0396.png,0
0397.png,0
0398.png,0
0399.png,0
0400.png,0
0401.png,1
0402.png,1
0403.png,0
0404.png,0
0405.png,1
0406.png,1
0407.png,0
0408.png,1
0409.png,0
0410.png,0
0411.png,0
0412.png,1
0413.png,0
0414.png,1
0415.png,1
0416.png,0
0417.png,0
0418.png,0
0419.png,1
0420.png,0
0421.png,1
0422.png,1
0423.png,1
0424.png,0
0425.png,1
0426.png,1
0427.png,1
0428.png,1
0429.png,0
0430.png,0
0431.png,1
0432.png,1
0433.png,1
0434.png,1
0435.png,1
0436.png,1
0437.png,1
0438.png,0
0439.png,1
0440.png,1
0441.png,1
0442.png,1
0443.png,0
0444.png,0
0445.png,1
0446.png,0
0447.png,0
0448.png,1
0449.png,0
0450.png,0
0451.png,1
0452.png,0
0453.png,0
0454.png,1
0455.png,0
0456.png,1
0457.png,1
0458.png,0
0459.png,0
0460.png,1
0461.png,1
0462.png,0
0463.png,0
0464.png,1
0465.png,1
0466.png,1
0467.png,1
0468.png,0
0469.png,0
0470.png,1
0471.png,1
0472.png,1
0473.png,0
0474.png,0
0475.png,0
0476.png,0
0477.png,1
0478.png,0
0479.png,0
0480.png,0
0481.png,0
0482.png,1
0483.png,1
0484.png,1
0485.png,0
0486.png,1
0487.png,1
0488.png,0
0489.png,1
0490.png,0
0491.png,1
0492.png,1
0493.png,1
0494.png,0
0495.png,0
0496.png,1
0497.png,0
0498.png,0
0499.png,1
0500.png,0
0501.png,1
0502.png,1
0503.png,1
0504.png,1
0505.png,1
0506.png,0
0507.png,1
0508.png,0
0509.png,1
0510.png,0
0511.png,0
0512.png,1
0513.png,1
0514.png,0
0515.png,1
0516.png,0
0517.png,1
0518.png,1
0519.png,1
0520.png,0
0521.png,0
0522.png,1
0523.png,0
0524.png,0
0525.png,1
0526.png,1
0527.png,0
0528.png,0
0529.png,0
0530.png,1
0531.png,0
0532.png,0
0533.png,0
0534.png,1
0535.png,0
0536.png,0
0537.png,1
0538.png,1
0539.png,1
0540.png,1
0541.png,1
0542.png,0
0543.png,1
0544.png,1
0545.png,0
0546.png,1
0547.png,1
0548.png,0
0549.png,0
0550.png,0
0551.png,1
0552.png,0
0553.png,1
0554.png,1
0555.png,1
0556.png,1
0557.png,1
0558.png,1
0559.png,0
0560.png,0
0561.png,1
0562.png,0
0563.png,1
0564.png,0
0565.png,0
0566.png,1
0567.png,0
0568.png,0
0569.png,1
0570.png,0
0571.png,0
0572.png,1
0573.png,1
0574.png,1
0575.png,1
0576.png,1
0577.png,0
0578.png,1
0579.png,0
0580.png,1
0581.png,1
0582.png,0
0583.png,0
0584.png,0
0585.png,1
0586.png,0
0587.png,1
0588.png,1
0589.png,1
0590.png,0
0591.png,1
0592.png,0
0593.png,0
0594.png,1
0595.png,1
0596.png,1
0597.png,0
0598.png,0
0599.png,1
0600.png,0
0601.png,0
0602.png,1
0603.png,0
0604.png,1
0605.png,0
0606.png,0
0607.png,1
0608.png,1
0609.png,0
0610.png,1
0611.png,0
0612.png,1
0613.png,0
0614.png,0
0615.png,0
0616.png,0
0617.png,1
0618.png,1
0619.png,1
0620.png,0
0621.png,0
0622.png,0
0623.png,1
0624.png,1
0625.png,0
0626.png,1
0627.png,1
0628.png,1
0629.png,1
0630.png,0
0631.png,1
0632.png,1
0633.png,0
0634.png,1
0635.png,1
0636.png,0
0637.png,0
0638.png,1
0639.png,0
0640.png,0
0641.png,1
0642.png,1
0643.png,1
0644.png,1
0645.png,0
0646.png,0
0647.png,0
0648.png,0
0649.png,1
0650.png,0
0651.png,0
0652.png,1
0653.png,1
0654.png,1
0655.png,0
0656.png,0
0657.png,1
0658.png,0
0659.png,1
0660.png,0
0661.png,1
0662.png,1
0663.png,0
0664.png,1
0665.png,0
0666.png,1
0667.png,0
0668.png,1
0669.png,1
0670.png,1
0671.png,1
0672.png,0
0673.png,0
0674.png,0
0675.png,1
0676.png,1
0677.png,0
0678.png,0
0679.png,1
0680.png,0
0681.png,0
0682.png,0
0683.png,1
0684.png,0
0685.png,1
0686.png,1
0687.png,0
0688.png,1
0689.png,1
0690.png,0
0691.png,0
0692.png,1
0693.png,0
0694.png,0
0695.png,1
0696.png,0
0697.png,0
0698.png,1
0699.png,1
0700.png,0
0701.png,0
0702.png,1
0703.png,0
0704.png,1
0705.png,0
0706.png,0
0707.png,0
0708.png,1
0709.png,0
0710.png,0
0711.png,0
0712.png,1
0713.png,1
0714.png,1
0715.png,0
0716.png,0
0717.png,1
0718.png,1
0719.png,1
0720.png,0
0721.png,1
0722.png,0
0723.png,1
0724.png,1
0725.png,1
0726.png,0
0727.png,1
0728.png,1
0729.png,1
0730.png,0
0731.png,1
0732.png,1
0733.png,1
0734.png,0
0735.png,0
0736.png,1
0737.png,1
0738.png,1
0739.png,1
0740.png,0
0741.png,1
0742.png,1
0743.png,0
0744.png,1
0745.png,1
0746.png,0
0747.png,0
0748.png,0
0749.png,0
0750.png,1
0751.png,0
0752.png,0
0753.png,1
0754.png,1
0755.png,0
0756.png,1
0757.png,1
0758.png,0
0759.png,0
0760.png,1
0761.png,0
0762.png,1
0763.png,0
0764.png,1
0765.png,0
0766.png,1
0767.png,0
0768.png,0
0769.png,1
0770.png,1
0771.png,0
0772.png,1
0773.png,1
0774.png,0
0775.png,0
0776.png,0
0777.png,0
0778.png,1
0779.png,1
0780.png,1
0781.png,1
0782.png,1
0783.png,0
0784.png,0
0785.png,0
0786.png,1
0787.png,1
0788.png,1
0789.png,0
0790.png,0
0791.png,1
0792.png,0
0793.png,0
0794.png,0
0795.png,1
0796.png,0
0797.png,1
0798.png,1
0799.png,0
0800.png,1
0801.png,1
0802.png,1
0803.png,0
0804.png,0
0805.png,1
0806.png,1
0807.png,1
0808.png,0
0809.png,1
0810.png,1
0811.png,0
0812.png,1
0813.png,1
0814.png,0
0815.png,0
0816.png,0
0817.png,0
0818.png,1
0819.png,0
0820.png,1
0821.png,1
0822.png,1
0823.png,0
0824.png,0
0825.png,0
0826.png,0
0827.png,0
0828.png,1
0829.png,0
0830.png,1
0831.png,1
0832.png,1
0833.png,0
0834.png,1
0835.png,0
0836.png,1
0837.png,0
0838.png,1
0839.png,1
0840.png,1
0841.png,1
0842.png,1
0843.png,1
0844.png,1
0845.png,0
0846.png,1
0847.png,1
0848.png,1
0849.png,1
0850.png,1
0851.png,1
0852.png,0
0853.png,0
0854.png,1
0855.png,1
0856.png,1
0857.png,1
0858.png,1
0859.png,0
0860.png,1
0861.png,0
0862.png,1
0863.png,0
0864.png,0
0865.png,0
0866.png,0
0867.png,0
0868.png,0
0869.png,1
0870.png,0
0871.png,1
0872.png,0
0873.png,0
0874.png,0
0875.png,1
0876.png,0
0877.png,0
0878.png,1
0879.png,0
0880.png,1
0881.png,1
0882.png,1
0883.png,1
0884.png,1
0885.png,0
0886.png,1
0887.png,1
0888.png,1
0889.png,0
0890.png,1
0891.png,0
0892.png,1
0893.png,1
0894.png,1
0895.png,0
0896.png,1
0897.png,1
0898.png,0
0899.png,0
0900.png,1
0901.png,1
0902.png,1
0903.png,1
0904.png,0
0905.png,0
0906.png,1
0907.png,1
0908.png,0
0909.png,1
0910.png,0
0911.png,0
0912.png,0
0913.png,1
0914.png,0
0915.png,0
0916.png,1
0917.png,1
0918.png,1
0919.png,0
0920.png,1
0921.png,0
0922.png,1
0923.png,1
0924.png,0
0925.png,0
0926.png,1
0927.png,0
0928.png,0
0929.png,0
0930.png,0
0931.png,1
0932.png,0
0933.png,1
0934.png,0
0935.png,1
0936.png,0
0937.png,1
0938.png,0
0939.png,0
0940.png,0
0941.png,1
0942.png,0
0943.png,1
0944.png,1
0945.png,1
0946.png,0
0947.png,0
0948.png,0
0949.png,0
0950.png,0
0951.png,0
0952.png,0
0953.png,1
0954.png,0
0955.png,1
0956.png,0
0957.png,1
0958.png,0
0959.png,1
0960.png,1
0961.png,1
0962.png,0
0963.png,0
0964.png,1
0965.png,1
0966.png,0
0967.png,1
0968.png,1
0969.png,0
0970.png,1
0971.png,1
0972.png,0
0973.png,0
0974.png,1
0975.png,1
0976.png,0
0977.png,0
0978.png,1
0979.png,1
0980.png,0
0981.png,1
0982.png,1
0983.png,1
0984.png,1
0985.png,1
0986.png,0
0987.png,1
0988.png,0
0989.png,0
0990.png,1
0991.png,1
0992.png,1
0993.png,0
0994.png,0
0995.png,0
0996.png,0
0997.png,0
0998.png,0
0999.png,0
1000.png,1
1001.png,1
1002.png,1
1003.png,0
1004.png,1
1005.png,0
1006.png,0
1007.png,0
1008.png,1
1009.png,0
1010.png,0
1011.png,0
1012.png,0
1013.png,1
1014.png,1
1015.png,1
1016.png,1
1017.png,0
1018.png,0
1019.png,1
1020.png,1
1021.png,1
1022.png,0
1023.png,1
1024.png,0
1025.png,1
1026.png,0
1027.png,0
1028.png,1
1029.png,1
1030.png,0
1031.png,0
1032.png,1
1033.png,1
1034.png,1
1035.png,1
1036.png,0
1037.png,1
1038.png,0
1039.png,0
1040.png,1
1041.png,0
1042.png,1
1043.png,1
1044.png,0
1045.png,1
1046.png,1
1047.png,1
1048.png,1
1049.png,1
1050.png,1
1051.png,1
1052.png,1
1053.png,1
1054.png,1
1055.png,0
1056.png,1
1057.png,0
1058.png,0
1059.png,1
1060.png,0
1061.png,1
1062.png,0
1063.png,1
1064.png,0
1065.png,0
1066.png,0
1067.png,1
1068.png,0
1069.png,0
1070.png,1
1071.png,0
1072.png,1
1073.png,1
1074.png,1
1075.png,1
1076.png,1
1077.png,0
1078.png,1
1079.png,0
1080.png,1
1081.png,1
1082.png,1
1083.png,1
1084.png,0
1085.png,0
1086.png,1
1087.png,1
1088.png,0
1089.png,0
1090.png,1
1091.png,0
1092.png,0
1093.png,1
1094.png,1
1095.png,1
1096.png,0
1097.png,0
1098.png,0
1099.png,1
1100.png,0
1101.png,0
1102.png,1
1103.png,1
1104.png,0
1105.png,0
1106.png,0
1107.png,1
1108.png,1
1109.png,1
1110.png,1
1111.png,0
1112.png,0
1113.png,1
1114.png,1
1115.png,0
1116.png,1
1117.png,0
1118.png,1
1119.png,1
1120.png,1
1121.png,1
1122.png,1
1123.png,1
1124.png,1
1125.png,1
1126.png,1
1127.png,1
1128.png,0
1129.png,0
1130.png,0
1131.png,0
1132.png,0
1133.png,0
1134.png,1
1135.png,0
1136.png,0
1137.png,1
1138.png,0
1139.png,0
1140.png,1
1141.png,1
1142.png,1
1143.png,0
1144.png,1
1145.png,1
1146.png,1
1147.png,0
1148.png,0
1149.png,0
1150.png,0
1151.png,0
1152.png,0
1153.png,0
1154.png,0
1155.png,0
1156.png,1
1157.png,1
1158.png,1
1159.png,1
1160.png,0
1161.png,0
1162.png,1
1163.png,1
1164.png,0
1165.png,1
1166.png,0
1167.png,1
1168.png,1
1169.png,1
1170.png,1
1171.png,1
1172.png,0
1173.png,1
1174.png,0
1175.png,1
1176.png,1
1177.png,1
1178.png,1
1179.png,0
1180.png,0
1181.png,0
1182.png,0
1183.png,1
1184.png,0
1185.png,0
1186.png,0
1187.png,0
1188.png,0
1189.png,0
1190.png,1
1191.png,1
1192.png,0
1193.png,1
1194.png,1
1195.png,0
1196.png,1
1197.png,0
1198.png,1
1199.png,0
1200.png,0
1201.png,1
1202.png,1
1203.png,0
1204.png,0
1205.png,1
1206.png,0
1207.png,0
1208.png,0
1209.png,1
1210.png,1
1211.png,0
1212.png,0
1213.png,1
1214.png,0
1215.png,1
1216.png,0
1217.png,1
1218.png,0
1219.png,1
1220.png,0
1221.png,1
1222.png,0
1223.png,0
1224.png,1
1225.png,0
1226.png,1
1227.png,1
1228.png,0
1229.png,1
1230.png,0
1231.png,0
1232.png,0
1233.png,0
1234.png,1
1235.png,0
1236.png,1
1237.png,0
1238.png,1
1239.png,1
1240.png,0
1241.png,0
1242.png,1
1243.png,0
1244.png,0
1245.png,1
1246.png,1
1247.png,0
1248.png,0
1249.png,1
1250.png,1
1251.png,1
1252.png,1
1253.png,1
1254.png,1
1255.png,1
1256.png,0
1257.png,1
1258.png,0
1259.png,0
1260.png,1
1261.png,0
1262.png,1
1263.png,1
1264.png,1
1265.png,1
1266.png,1
1267.png,0
1268.png,1
1269.png,0
1270.png,0
1271.png,1
1272.png,1
1273.png,1
1274.png,0
1275.png,1
1276.png,1
1277.png,1
1278.png,0
1279.png,1
1280.png,0
1281.png,1
1282.png,0
1283.png,0
1284.png,1
1285.png,1
1286.png,0
1287.png,0
1288.png,1
1289.png,1
1290.png,0
1291.png,0
1292.png,0
1293.png,1
1294.png,1
1295.png,1
1296.png,1
1297.png,1
1298.png,1
1299.png,0
1300.png,1
1301.png,1
1302.png,1
1303.png,0
1304.png,1
1305.png,0
1306.png,1
1307.png,1
1308.png,1
1309.png,1
1310.png,0
1311.png,1
1312.png,0
1313.png,0
1314.png,1
1315.png,1
1316.png,1
1317.png,1
1318.png,1
1319.png,0
1320.png,0
1321.png,1
1322.png,0
1323.png,0
1324.png,0
1325.png,1
1326.png,0
1327.png,1
1328.png,0
1329.png,1
1330.png,0
1331.png,0
1332.png,0
1333.png,1
1334.png,0
1335.png,1
1336.png,0
1337.png,1
1338.png,1
1339.png,1
1340.png,0
1341.png,0
1342.png,0
1343.png,1
1344.png,1
1345.png,1
1346.png,0
1347.png,1
1348.png,1
1349.png,1
1350.png,1
1351.png,0
1352.png,1
1353.png,0
1354.png,1
1355.png,1
1356.png,1
1357.png,1
1358.png,1
1359.png,0
1360.png,1
1361.png,0
1362.png,0
1363.png,0
1364.png,0
1365.png,0
1366.png,0
1367.png,0
1368.png,1
1369.png,1
1370.png,1
1371.png,0
1372.png,1
1373.png,1
1374.png,1
1375.png,1
1376.png,0
1377.png,0
1378.png,0
1379.png,1
1380.png,1
1381.png,0
1382.png,1
1383.png,1
1384.png,1
1385.png,0
1386.png,0
1387.png,1
1388.png,0
1389.png,0
1390.png,1
1391.png,1
1392.png,1
1393.png,0
1394.png,1
1395.png,0
1396.png,0
1397.png,1
1398.png,1
1399.png,1
1400.png,0
1401.png,0
1402.png,0
1403.png,0
1404.png,1
1405.png,1
1406.png,0
1407.png,0
1408.png,0
1409.png,0
1410.png,1
1411.png,0
1412.png,1
1413.png,0
1414.png,1
1415.png,1
1416.png,0
1417.png,1
1418.png,1
1419.png,1
1420.png,1
1421.png,1
1422.png,0
1423.png,1
1424.png,1
1425.png,1
1426.png,1
1427.png,1
1428.png,1
1429.png,0
1430.png,1
1431.png,0
1432.png,0
1433.png,1
1434.png,0
1435.png,1
1436.png,0
1437.png,0
1438.png,1
1439.png,0
1440.png,1
1441.png,1
1442.png,1
1443.png,1
1444.png,0
1445.png,1
1446.png,1
1447.png,1
1448.png,1
1449.png,1
1450.png,1
1451.png,0
1452.png,0
1453.png,0
1454.png,1
1455.png,1
1456.png,0
1457.png,0
1458.png,1
1459.png,0
1460.png,1
1461.png,0
1462.png,1
1463.png,1
1464.png,0
1465.png,0
1466.png,0
1467.png,0
1468.png,1
1469.png,1
1470.png,1
1471.png,0
1472.png,1
1473.png,0
1474.png,0
1475.png,1
1476.png,1
1477.png,1
1478.png,0
1479.png,0
1480.png,1
1481.png,0
1482.png,1
1483.png,0
1484.png,1
1485.png,1
1486.png,0
1487.png,0
1488.png,0
1489.png,1
1490.png,1
1491.png,1
1492.png,1
1493.png,0
1494.png,0
1495.png,1
1496.png,1
1497.png,0
1498.png,1
1499.png,1
1500.png,0
1501.png,0
1502.png,1
1503.png,0
1504.png,0
1505.png,0
1506.png,1
1507.png,1
1508.png,1
1509.png,1
1510.png,0
1511.png,0
1512.png,0
1513.png,0
1514.png,0
1515.png,0
1516.png,0
1517.png,1
1518.png,1
1519.png,1
1520.png,0
1521.png,0
1522.png,0
1523.png,0
1524.png,0
1525.png,1
1526.png,1
1527.png,0
1528.png,1
1529.png,1
1530.png,1
1531.png,0
1532.png,1
1533.png,1
1534.png,1
1535.png,0
1536.png,0
1537.png,0
1538.png,0
1539.png,1
1540.png,1
1541.png,1
1542.png,0
1543.png,1
1544.png,1
1545.png,1
1546.png,1
1547.png,1
1548.png,1
1549.png,1
1550.png,0
1551.png,0
1552.png,0
1553.png,0
1554.png,1
1555.png,1
1556.png,0
1557.png,0
1558.png,1
1559.png,0
1560.png,0
1561.png,1
1562.png,1
1563.png,1
1564.png,0
1565.png,1
1566.png,1
1567.png,0
1568.png,1
1569.png,0
1570.png,1
1571.png,0
1572.png,0
1573.png,0
1574.png,0
1575.png,0
1576.png,0
1577.png,1
1578.png,1
1579.png,1
1580.png,0
1581.png,1
1582.png,1
1583.png,0
1584.png,0
1585.png,1
1586.png,0
1587.png,1
1588.png,0
1589.png,1
1590.png,1
1591.png,1
1592.png,1
1593.png,1
1594.png,1
1595.png,1
1596.png,0
1597.png,0
1598.png,1
1599.png,0
1600.png,1
1601.png,1
1602.png,1
1603.png,0
1604.png,1
1605.png,0
1606.png,1
1607.png,1
1608.png,1
1609.png,1
1610.png,1
1611.png,0
1612.png,0
1613.png,1
1614.png,0
1615.png,0
1616.png,0
1617.png,1
1618.png,0
1619.png,1
1620.png,1
1621.png,0
1622.png,0
1623.png,1
1624.png,1
1625.png,1
1626.png,1
1627.png,1
1628.png,1
1629.png,0
1630.png,1
1631.png,1
1632.png,1
1633.png,0
1634.png,1
1635.png,1
1636.png,1
1637.png,1
1638.png,1
1639.png,0
1640.png,1
1641.png,1
1642.png,0
1643.png,0
1644.png,1
1645.png,1
1646.png,1
1647.png,1
1648.png,1
1649.png,0
1650.png,1
1651.png,1
1652.png,0
1653.png,1
1654.png,0
1655.png,1
1656.png,0
1657.png,1
1658.png,1
1659.png,0
1660.png,0
1661.png,1
1662.png,1
1663.png,1
1664.png,1
1665.png,1
1666.png,1
1667.png,1
1668.png,1
1669.png,1
1670.png,0
1671.png,1
1672.png,1
1673.png,1
1674.png,1
1675.png,1
1676.png,1
1677.png,0
1678.png,1
1679.png,0
1680.png,1
1681.png,1
1682.png,0
1683.png,0
1684.png,0
1685.png,0
1686.png,1
1687.png,1
1688.png,1
1689.png,0
1690.png,0
1691.png,1
1692.png,0
1693.png,1
1694.png,1
1695.png,1
1696.png,1
1697.png,1
1698.png,1
1699.png,1
1700.png,1
1701.png,1
1702.png,1
1703.png,1
1704.png,1
1705.png,0
1706.png,0
1707.png,1
1708.png,0
1709.png,1
1710.png,1
1711.png,0
1712.png,1
1713.png,1
1714.png,1
1715.png,0
1716.png,1
1717.png,1
1718.png,0
1719.png,0
1720.png,0
1721.png,0
1722.png,1
1723.png,1
1724.png,0
1725.png,1
1726.png,1
1727.png,0
1728.png,0
1729.png,0
1730.png,0
1731.png,1
1732.png,1
1733.png,0
1734.png,1
1735.png,0
1736.png,1
1737.png,1
1738.png,1
1739.png,1
1740.png,0
1741.png,1
1742.png,1
1743.png,1
1744.png,1
1745.png,1
1746.png,1
1747.png,0
1748.png,0
1749.png,1
1750.png,1
1751.png,1
1752.png,1
1753.png,0
1754.png,0
1755.png,1
1756.png,1
1757.png,0
1758.png,0
1759.png,0
1760.png,0
1761.png,0
1762.png,1
1763.png,0
1764.png,0
1765.png,1
1766.png,0
1767.png,1
1768.png,0
1769.png,1
1770.png,1
1771.png,1
1772.png,0
1773.png,1
1774.png,0
1775.png,0
1776.png,1
1777.png,1
1778.png,1
1779.png,0
1780.png,1
1781.png,0
1782.png,1
1783.png,0
1784.png,0
1785.png,0
1786.png,1
1787.png,1
1788.png,0
1789.png,1
1790.png,0
1791.png,1
1792.png,1
1793.png,0
1794.png,1
1795.png,0
1796.png,0
1797.png,0
1798.png,1
1799.png,1
1800.png,0
1801.png,1
1802.png,1
1803.png,1
1804.png,1
1805.png,1
1806.png,1
1807.png,1
1808.png,0
1809.png,1
1810.png,1
1811.png,0
1812.png,1
1813.png,1
1814.png,1
1815.png,0
1816.png,0
1817.png,0
1818.png,0
1819.png,0
1820.png,0
1821.png,1
1822.png,1
1823.png,1
1824.png,0
1825.png,0
1826.png,0
1827.png,0
1828.png,0
1829.png,1
1830.png,1
1831.png,1
1832.png,1
1833.png,0
1834.png,1
1835.png,1
1836.png,0
1837.png,1
1838.png,1
1839.png,0
1840.png,1
1841.png,1
1842.png,0
1843.png,0
1844.png,1
1845.png,0
1846.png,1
1847.png,1
1848.png,1
1849.png,1
1850.png,0
1851.png,0
1852.png,1
1853.png,1
1854.png,0
1855.png,0
1856.png,1
1857.png,1
1858.png,0
1859.png,1
1860.png,1
1861.png,1
1862.png,1
1863.png,1
1864.png,0
1865.png,1
1866.png,1
1867.png,1
1868.png,0
1869.png,1
1870.png,0
1871.png,0
1872.png,0
1873.png,1
1874.png,1
1875.png,0
1876.png,1
1877.png,1
1878.png,0
1879.png,1
1880.png,1
1881.png,1
1882.png,1
1883.png,1
1884.png,0
1885.png,0
1886.png,1
1887.png,0
1888.png,1
1889.png,0
1890.png,1
1891.png,0
1892.png,0
1893.png,0
1894.png,1
1895.png,1
1896.png,1
1897.png,0
1898.png,1
1899.png,0
1900.png,0
1901.png,1
1902.png,1
1903.png,0
1904.png,1
1905.png,0
1906.png,0
1907.png,1
1908.png,0
1909.png,0
1910.png,1
1911.png,0
1912.png,1
1913.png,1
1914.png,1
1915.png,0
1916.png,1
1917.png,1
1918.png,1
1919.png,1
1920.png,0
1921.png,0
1922.png,1
1923.png,1
1924.png,1
1925.png,1
1926.png,0
1927.png,1
1928.png,0
1929.png,1
1930.png,0
1931.png,0
1932.png,1
1933.png,0
1934.png,0
1935.png,1
1936.png,1
1937.png,1
1938.png,1
1939.png,0
1940.png,1
1941.png,0
1942.png,1
1943.png,1
1944.png,1
1945.png,0
1946.png,1
1947.png,1
1948.png,1
1949.png,0
1950.png,0
1951.png,1
1952.png,1
1953.png,0
1954.png,1
1955.png,1
1956.png,1
1957.png,1
1958.png,1
1959.png,1
1960.png,0
1961.png,0
1962.png,0
1963.png,1
1964.png,1
1965.png,0
1966.png,0
1967.png,0
1968.png,1
1969.png,1
1970.png,1
1971.png,1
1972.png,0
1973.png,0
1974.png,1
1975.png,1
1976.png,1
1977.png,0
1978.png,1
1979.png,0
1980.png,0
1981.png,1
1982.png,0
1983.png,1
1984.png,1
1985.png,0
1986.png,1
1987.png,0
1988.png,1
1989.png,0
1990.png,0
1991.png,1
1992.png,1
1993.png,0
1994.png,0
1995.png,0
1996.png,1
1997.png,0
1998.png,0
1999.png,0
2000.png,0
2001.png,0
2002.png,1
2003.png,1
2004.png,0
2005.png,1
2006.png,0
2007.png,1
2008.png,0
2009.png,0
2010.png,1
2011.png,1
2012.png,0
2013.png,1
2014.png,0
2015.png,1
2016.png,1
2017.png,0
2018.png,1
2019.png,1
2020.png,0
2021.png,0
2022.png,1
2023.png,1
2024.png,0
2025.png,1
2026.png,1
2027.png,0
2028.png,0
2029.png,1
2030.png,0
2031.png,1
2032.png,1
2033.png,0
2034.png,0
2035.png,1
2036.png,1
2037.png,0
2038.png,0
2039.png,0
2040.png,1
2041.png,0
2042.png,1
2043.png,0
2044.png,0
2045.png,1
2046.png,0
2047.png,0
2048.png,1
2049.png,0
2050.png,0
2051.png,0
2052.png,1
2053.png,0
2054.png,0
2055.png,0
2056.png,0
2057.png,1
2058.png,0
2059.png,1
2060.png,0
2061.png,1
2062.png,1
2063.png,1
2064.png,0
2065.png,1
2066.png,1
2067.png,1
2068.png,0
2069.png,1
2070.png,1
2071.png,0
2072.png,0
2073.png,1
2074.png,1
2075.png,1
2076.png,0
2077.png,1
2078.png,1
2079.png,1
2080.png,1
2081.png,1
2082.png,0
2083.png,0
2084.png,1
2085.png,0
2086.png,1
2087.png,0
2088.png,0
2089.png,0
2090.png,0
2091.png,1
2092.png,0
2093.png,1
2094.png,1
2095.png,1
2096.png,1
2097.png,0
2098.png,1
2099.png,0
2100.png,1
2101.png,1
2102.png,1
2103.png,1
2104.png,0
2105.png,0
2106.png,0
2107.png,0
2108.png,0
2109.png,0
2110.png,0
2111.png,1
2112.png,1
2113.png,1
2114.png,0
2115.png,1
2116.png,1
2117.png,1
2118.png,0
2119.png,0
2120.png,0
2121.png,1
2122.png,1
2123.png,0
2124.png,0
2125.png,1
2126.png,0
2127.png,1
2128.png,0
2129.png,1
2130.png,0
2131.png,1
2132.png,0
2133.png,0
2134.png,0
2135.png,0
2136.png,1
2137.png,1
2138.png,0
2139.png,1
2140.png,1
2141.png,1
2142.png,0
2143.png,1
2144.png,0
2145.png,0
2146.png,1
2147.png,0
2148.png,0
2149.png,1
2150.png,0
2151.png,0
2152.png,1
2153.png,1
2154.png,1
2155.png,0
2156.png,1
2157.png,0
2158.png,0
2159.png,1
2160.png,1
2161.png,0
2162.png,0
2163.png,1
2164.png,1
2165.png,1
2166.png,0
2167.png,0
2168.png,0
2169.png,1
2170.png,0
2171.png,1
2172.png,1
2173.png,1
2174.png,0
2175.png,0
