2176.png,0.04290902422907672
2177.png,0.9120070815046599
2178.png,0.5113599204909435
2179.png,0.12793471044778815
2180.png,0.11911665161150342
2181.png,0.8940032423557145
2182.png,0.7021915188430088
2183.png,0.2838917952499814
2184.png,0.015507053012318694
2185.png,0.9494646733849968
2186.png,0.2757729340247015
2187.png,0.2695480037189716
2188.png,0.9459315772400657
2189.png,0.654731895637711
2190.png,0.5534309589592475
2191.png,0.057778037527441706
2192.png,0.38302707446417283
2193.png,0.8934828254217502
2194.png,0.8968343100195907
2195.png,0.7216060292005072
2196.png,0.7577771434491556
2197.png,0.3742258991033065
2198.png,0.5726077955601246
2199.png,0.5478721369773503
2200.png,0.13850136764202614
2201.png,0.6704205407062034
2202.png,0.9805346107448221
2203.png,0.8770737348525469
2204.png,0.2152946743037255
2205.png,0.10752168695698305
2206.png,0.30407301232498907
2207.png,0.9719959877586922
2208.png,0.5984403149596565
2209.png,0.32906039687849153
2210.png,0.12866058969716565
2211.png,0.8309032621495884
2212.png,0.6838075059321658
2213.png,0.7511542817983189
2214.png,0.8292787582363293
2215.png,0.06532296958102413
2216.png,0.1753646452521478
2217.png,0.6776609050580282
2218.png,0.9584929252588675
2219.png,0.19237342079936814
2220.png,0.6073245152748151
2221.png,0.24848736758530243
2222.png,0.41155802454786217
2223.png,0.5875701587904358
2224.png,0.8037302564454111
2225.png,0.10897313664301578
2226.png,0.11514511080582035
2227.png,0.26543676235124236
2228.png,0.2175048558550906
2229.png,0.23396455752144785
2230.png,0.7409563580062463
2231.png,0.7691883189945845
2232.png,0.9983855914639055
2233.png,0.6286937080852474
2234.png,0.13260813514934122
2235.png,0.048559474149936444
2236.png,0.5978264955584895
2237.png,0.6151973495449473
2238.png,0.6688259999268216
2239.png,0.8704477113293153
2240.png,0.33208925555781765
2241.png,0.7144405708193932
2242.png,0.014177639268059261
2243.png,0.9045827473538375
2244.png,0.775685257210323
2245.png,0.7458185198927453
2246.png,0.5819383143577
2247.png,0.19247894517137565
2248.png,0.0735346700564471
2249.png,0.6507613324783317
2250.png,0.06344918454550241
2251.png,0.8234046109011779
2252.png,0.899864261292922
2253.png,0.6161294759361303
2254.png,0.5830816964196984
2255.png,0.7763530993299906
2256.png,0.9717830332637846
2257.png,0.16016800957701804
2258.png,0.5895233277627429
2259.png,0.9306144566938703
2260.png,0.2468940733561391
2261.png,0.6455824727259052
2262.png,0.9409225273468156
2263.png,0.6457326886475826
2264.png,0.3012631277429706
2265.png,0.9877994469318724
2266.png,0.9766368276189495
2267.png,0.8512180132436858
2268.png,0.987119159525499
2269.png,0.6325043821428031
2270.png,0.20446224214613118
2271.png,0.9095861704131442
2272.png,0.7202460967950235
2273.png,0.6388586910450987
2274.png,0.8357646661730156
2275.png,0.21504899195112104
2276.png,0.12232207984310395
2277.png,0.045023446835582126
2278.png,0.13980671135151357
2279.png,0.7112004746087022
2280.png,0.30561461410307555
2281.png,0.3032517139551224
2282.png,0.2967708850753916
2283.png,0.6595824565875631
2284.png,0.5801139247777324
2285.png,0.7220904363248938
2286.png,0.7274633947957867
2287.png,0.4479798913586477
2288.png,0.07814282394955263
2289.png,0.6963578107205037
2290.png,0.08071961498647084
2291.png,0.5649159208069057
2292.png,0.5285698120475376
2293.png,0.19134056068699268
2294.png,0.5389162603582327
2295.png,0.3095951120652368
2296.png,0.2921406771867959
2297.png,0.10427936974711849
2298.png,0.7830161981506844
2299.png,0.23605073951837097
2300.png,0.41178726632147844
2301.png,0.5840284210666632
2302.png,0.8387521933351413
2303.png,0.7606737612245381
2304.png,0.7345032043202441
2305.png,0.8478159749090355
2306.png,0.538476275665139
2307.png,0.6030091203938863
2308.png,0.5475062287555154
2309.png,0.027052502513366772
2310.png,0.8006705150089684
2311.png,0.48909645451988126
2312.png,0.16504503147717398
2313.png,0.8838871935284331
2314.png,0.6752886218968038
2315.png,0.29054824609531305
2316.png,0.40483318962364745
2317.png,0.7907634263704476
2318.png,0.33877678711960646
2319.png,0.4060605253210642
2320.png,0.7289996753222163
2321.png,0.7339640861667052
2322.png,0.45571082900463633
2323.png,0.23126701488924917
2324.png,0.12429877748441331
2325.png,0.7816532684112354
2326.png,0.9677333820186317
2327.png,0.42621549128910996
2328.png,0.37150857232848145
2329.png,0.35973451023189773
2330.png,0.09020082893013082
2331.png,0.5829802869480031
2332.png,0.8670478541649824
2333.png,0.9288071618272461
2334.png,0.1260571049700855
2335.png,0.33691079474815544
2336.png,0.49454611649238034
2337.png,0.06458280497986191
2338.png,0.5003536465728378
2339.png,0.5982580841408901
2340.png,0.9130675868470337
2341.png,0.9566185762262103
2342.png,0.04316567067159327
2343.png,0.22949571310056227
2344.png,0.4289605866760233
2345.png,0.631814032259465
2346.png,0.20402103817921813
2347.png,0.07497510547358499
2348.png,0.03673505269715893
2349.png,0.9286436369349084
2350.png,0.9816030161228189
2351.png,0.022108417423263194
2352.png,0.30741591130291657
2353.png,0.5057532313257388
2354.png,0.47608195376081464
2355.png,0.7609723960557156
2356.png,0.18255667998529812
2357.png,0.47091210335220113
2358.png,0.09953273295039433
2359.png,0.966103253474177
2360.png,0.42648503625140277
2361.png,0.9375798381548995
2362.png,0.8915669489300319
2363.png,0.5483470124894332
2364.png,0.4179905564388732
2365.png,0.31514669464998646
2366.png,0.08665747274514435
2367.png,0.09095278325117073
2368.png,0.40554490928709885
2369.png,0.015415907696779474
2370.png,0.0800157221112695
2371.png,0.025222291319207724
2372.png,0.7193210358552203
2373.png,0.39135712455290905
2374.png,0.5396260652561854
2375.png,0.589258482291858
2376.png,0.9052253382848205
2377.png,0.34099373200613514
2378.png,0.6792916381505096
2379.png,0.48846047392605463
2380.png,0.199564452231364
2381.png,0.608886900059764
2382.png,0.6407375313351178
2383.png,0.25808540927468293
2384.png,0.6115526102577887
2385.png,0.07723562476712387
2386.png,0.45876928964060126
2387.png,0.27713724700379405
2388.png,0.9189202134171117
2389.png,0.4969313746699098
2390.png,0.653632861758793
2391.png,0.598358511569583
2392.png,0.1359346468462791
2393.png,0.556508003189025
2394.png,0.5916366734090746
2395.png,0.7258317589890773
2396.png,0.27239089170144193
2397.png,0.3820868633337605
2398.png,0.407824135606621
2399.png,0.4882125437039878
2400.png,0.1378117031403685
2401.png,0.39780014522140617
2402.png,0.16707509334900128
2403.png,0.6054867926400774
2404.png,0.9059443821676758
2405.png,0.09294097636466747
2406.png,0.12436909201015411
2407.png,0.5248886739174631
2408.png,0.33236797310873967
2409.png,0.02762683543162847
2410.png,0.2886505602596018
2411.png,0.024948097188406626
2412.png,0.3385254081990303
2413.png,0.5349694230421583
2414.png,0.054237577121658775
2415.png,0.3269246164452888
2416.png,0.05295186884514602
2417.png,0.6526292508004748
2418.png,0.8648144154140357
2419.png,0.08934771342534942
2420.png,0.6727907401942388
2421.png,0.76577419104498
2422.png,0.7378082365102123
2423.png,0.08583721906545039
2424.png,0.9713724305572372
2425.png,0.8310832896837317
2426.png,0.17014925699770378
2427.png,0.9006273758625826
2428.png,0.44497691482066015
2429.png,0.8166554103517262
2430.png,0.32789716087211074
2431.png,0.34946485644658076
2432.png,0.9013863161033774
2433.png,0.659608692398463
2434.png,0.9882361031219445
2435.png,0.0509104512631805
2436.png,0.7875553903214774
2437.png,0.37837726817692796
2438.png,0.14837262145714147
2439.png,0.8555283468431734
2440.png,0.15527603676120283
2441.png,0.466315840264533
2442.png,0.8029991435915185
2443.png,0.18710896867071058
2444.png,0.6912356721332225
2445.png,0.5572370180238471
2446.png,0.5779168669019855
2447.png,0.9368631056801352
2448.png,0.9978873879545443
2449.png,0.38007671780596086
2450.png,0.7184229918493945
2451.png,0.9174141538222129
2452.png,0.6559218033400884
2453.png,0.3893508572321277
2454.png,0.05242373710088899
2455.png,0.2375198219214123
2456.png,0.45627748608954155
2457.png,0.5174535906885596
2458.png,0.9336895246228301
2459.png,0.9382629649641744
2460.png,0.4779001147004992
2461.png,0.554835310643051
2462.png,0.5488890916143583
2463.png,0.9874884761552809
2464.png,0.899557811169471
2465.png,0.8849838564455044
2466.png,0.7112342528814362
2467.png,0.7748430578422347
2468.png,0.16472322794202465
2469.png,0.3275925016305985
2470.png,0.5140383800107697
2471.png,0.2504065113254331
2472.png,0.5559437337620273
2473.png,0.06814876651026791
2474.png,0.6947336150828031
2475.png,0.6828233821051624
2476.png,0.28165579336204694
2477.png,0.6109513398574827
2478.png,0.013378240269060426
2479.png,0.974523806417208
2480.png,0.9596396013230558
2481.png,0.6436189655446702
2482.png,0.8179736435409242
2483.png,0.5634664653523719
2484.png,0.5773627590094518
2485.png,0.4228592785862739
2486.png,0.1220503599150401
2487.png,0.18366354732430112
2488.png,0.26195543903320606
2489.png,0.2320822462374571
2490.png,0.7818538364214588
2491.png,0.6093046002071065
2492.png,0.9503117903828905
2493.png,0.8568540671774562
2494.png,0.644559556867987
2495.png,0.8084331571761851
2496.png,0.42206681940587676
2497.png,0.8413655593672333
2498.png,0.9205762034133722
2499.png,0.6582778942315062
2500.png,0.9975276819584056
2501.png,0.06365730115577306
2502.png,0.2357029209661997
2503.png,0.557850066502751
2504.png,0.5539103849784147
2505.png,0.28224479190550844
2506.png,0.10232227356424495
2507.png,0.5402602054250004
2508.png,0.8075044677521086
2509.png,0.8798581276054496
2510.png,0.30736490830713037
2511.png,0.3144781679817339
2512.png,0.8201353815289727
2513.png,0.9008959381390568
2514.png,0.13035974703067232
2515.png,0.5973947485999355
2516.png,0.03798457900708674
2517.png,0.23326513072260513
2518.png,0.15770097701014774
2519.png,0.9287409728452899
2520.png,0.5003072634370576
2521.png,0.8754594782495828
2522.png,0.5034387244502698
2523.png,0.5233645954823796
2524.png,0.49985554428277634
2525.png,0.9664181909325579
2526.png,0.4088009413754885
2527.png,0.15912316331588627
2528.png,0.5223009451103828
2529.png,0.410911386524049
2530.png,0.4837775891580538
2531.png,0.400455167494028
2532.png,0.6534285331145256
2533.png,0.3717408844192487
2534.png,0.23116648521425154
2535.png,0.24766798892303066
2536.png,0.3179624218216991
2537.png,0.2079395964397467
2538.png,0.6432351672002222
2539.png,0.0467725104268808
2540.png,0.8317269873552324
2541.png,0.7883833740151948
2542.png,0.4091286464456798
2543.png,0.09151218295089669
2544.png,0.2849988242746039
2545.png,0.22017702257329907
2546.png,0.35539914379516246
2547.png,0.186779860593148
2548.png,0.15658873633763426
2549.png,0.9699302226983063
2550.png,0.4647947215695162
2551.png,0.8305261520240036
2552.png,0.8762149238634751
2553.png,0.5499261775827315
2554.png,0.6528107785470222
2555.png,0.7906372835770094
2556.png,0.34383847331721495
2557.png,0.9522975290053192
2558.png,0.8949900547863676
2559.png,0.08174125618740413
2560.png,0.5905063433576282
2561.png,0.4728267702454775
2562.png,0.3674941038694486
2563.png,0.39760700844754693
2564.png,0.211096497965523
2565.png,0.6822943520895552
2566.png,0.9211441220169315
2567.png,0.6876542998309901
2568.png,0.8634158809477581
2569.png,0.4743079716370634
2570.png,0.5018550922330008
2571.png,0.06880690757597419
2572.png,0.06335103600691261
2573.png,0.2675778026423806
2574.png,0.7962543648819046
2575.png,0.6614567891887907
2576.png,0.23679648198171088
2577.png,0.3352243896245424
2578.png,0.1601126402130053
2579.png,0.3822784006022736
2580.png,0.014788240045976009
2581.png,0.7475069643590483
2582.png,0.16331652725625534
2583.png,0.24443081051061089
2584.png,0.0127489490400291
2585.png,0.46624843091597845
2586.png,0.5719042251682251
2587.png,0.17053137562195564
2588.png,0.5554680377344088
2589.png,0.26584317967684445
2590.png,0.5853770956204927
2591.png,0.432888221297938
2592.png,0.8702538059655602
2593.png,0.4049982115610369
2594.png,0.30696207545252774
2595.png,0.09169807131719332
2596.png,0.8363461935289581
2597.png,0.987220430589932
2598.png,0.4493873380129626
2599.png,0.658517838437662
2600.png,0.37097061102914486
2601.png,0.17314828302925456
2602.png,0.4716654781132489
2603.png,0.8644866981940924
2604.png,0.4770701834876533
2605.png,0.6824455850309733
2606.png,0.2422240313072378
2607.png,0.19716035253449193
2608.png,0.788717956135978
2609.png,0.6966275955195563
2610.png,0.4228662443530281
2611.png,0.8277573110028971
2612.png,0.08812819612114442
2613.png,0.7817846584967538
2614.png,0.8814927959749949
2615.png,0.9194110554233945
2616.png,0.7905103382071551
2617.png,0.36067939540840066
2618.png,0.9219855249451326
2619.png,0.9442532589865723
2620.png,0.6202783230042798
2621.png,0.009228485640991324
2622.png,0.4326110663994016
2623.png,0.9082684276423174
2624.png,0.10187693146159449
2625.png,0.4405761777072371
2626.png,0.2205251343344089
2627.png,0.14604807534815167
2628.png,0.20171567026539472
2629.png,0.2744390106819704
2630.png,0.6556233169832949
2631.png,0.8126347845640617
2632.png,0.32234324850518614
2633.png,0.6117505757510471
2634.png,0.9218993495018415
2635.png,0.05178388429003544
2636.png,0.43630196133228527
2637.png,0.2571632870014048
2638.png,0.4553996205038301
2639.png,0.6349592397438906
2640.png,0.042861642844483794
2641.png,0.36443075505331035
2642.png,0.5741479635949858
2643.png,0.9251114712920491
2644.png,0.7636466958029672
2645.png,0.18552948421654225
2646.png,0.15127285977921878
2647.png,0.7062769899625985
2648.png,0.9691188789735725
2649.png,0.8476360847044045
2650.png,0.23190525565420528
2651.png,0.840939590562324
2652.png,0.41504135625112715
2653.png,0.9525129137726964
2654.png,0.9623186570040555
2655.png,0.6528147364475458
2656.png,0.5824978615346534
2657.png,0.014379377419680206
2658.png,0.570752349861185
2659.png,0.2191711373505172
2660.png,0.16323980214856004
2661.png,0.1424205580374749
2662.png,0.349624782589698
2663.png,0.2820335023763312
2664.png,0.8672808471857689
2665.png,0.8146967420394232
2666.png,0.41430232235420517
2667.png,0.1992641229605675
2668.png,0.1058315744771674
2669.png,0.7059177210546052
2670.png,0.9602034702716945
2671.png,0.9978256209407201
2672.png,0.450828494559938
2673.png,0.754477188678541
2674.png,0.6874035284891393
2675.png,0.26267333956659455
2676.png,0.5832974692911246
2677.png,0.7442508741787334
2678.png,0.341170949441134
2679.png,0.5699333048426427
2680.png,0.04805221900598211
2681.png,0.2256854168451642
2682.png,0.9799468534541091
2683.png,0.7046561149317366
2684.png,0.8668937254551189
2685.png,0.6754964611792654
2686.png,0.7526702058220753
2687.png,0.9107808434517733
2688.png,0.2823201208022146
2689.png,0.2878619260470756
2690.png,0.42400055702718686
2691.png,0.40864211398048655
2692.png,0.17510827489215308
2693.png,0.40925511585370833
2694.png,0.5408333280117158
2695.png,0.5342400149494462
2696.png,0.057636247460429724
2697.png,0.06609216554483988
2698.png,0.0745931175930683
2699.png,0.9168335106050324
2700.png,0.15864140979005836
2701.png,0.7937759184816292
2702.png,0.3593023509661234
2703.png,0.8757849998373588
2704.png,0.7680876201917647
2705.png,0.7536219993749732
2706.png,0.33457053327197295
2707.png,0.9431210181114436
2708.png,0.6983746465903015
2709.png,0.2746688223729815
2710.png,0.11194537953302941
2711.png,0.7470175843354689
2712.png,0.40235754691232384
2713.png,0.25157452033048966
2714.png,0.7412094908953577
2715.png,0.06084807687599647
2716.png,0.10690573799716852
2717.png,0.5653944776379655
2718.png,0.09646633878776811
2719.png,0.7795969762531324
2720.png,0.47050829495510804
2721.png,0.054289917880726124
2722.png,0.30640060644004696
2723.png,0.34997910233981044
2724.png,0.6448436496027194
2725.png,0.7967340640648382
2726.png,0.31665256400841635
2727.png,0.797057246769441
2728.png,0.3488728290010136
2729.png,0.2879379768772513
2730.png,0.6935894066601608
2731.png,0.024013490290231032
2732.png,0.10036491639884026
2733.png,0.10255805595791212
2734.png,0.5494790534813317
2735.png,0.10870373873615258
2736.png,0.7672461730323242
2737.png,0.164840930431437
2738.png,0.06071466777427359
2739.png,0.8036839040699083
2740.png,0.05235832473336233
2741.png,0.9202151095862146
2742.png,0.616882909882714
2743.png,0.8366739150047905
2744.png,0.09093087469529415
2745.png,0.9715907703217875
2746.png,0.3065603048715443
2747.png,0.6192968143867496
2748.png,0.886169669246959
2749.png,0.9338119364357025
2750.png,0.15852753920332874
2751.png,0.4803315423162938
2752.png,0.8744641885928945
2753.png,0.02101779100403256
2754.png,0.39291106736304726
2755.png,0.2056232932220574
2756.png,0.20913778113167647
2757.png,0.1770968802729289
2758.png,0.911412427180915
2759.png,0.47880956386798457
2760.png,0.6039393129834343
2761.png,0.2583417449133857
2762.png,0.09189601450146523
2763.png,0.8670003632772793
2764.png,0.15635646472611386
2765.png,0.8788491910898226
2766.png,0.2295051624071155
2767.png,0.24995421048177047
2768.png,0.9165248917533685
2769.png,0.5550438844402276
2770.png,0.36366817180336586
2771.png,0.5134505185905412
2772.png,0.7496548970197623
2773.png,0.7947158011901871
2774.png,0.8416734155693657
2775.png,0.8096486335673934
2776.png,0.8837221274529647
2777.png,0.32220661491898817
2778.png,0.4373794622238064
2779.png,0.46517630778291097
2780.png,0.5022649304172934
2781.png,0.8310079176544644
2782.png,0.517795178162212
2783.png,0.14387501361539246
2784.png,0.6683429315665602
2785.png,0.5970540420158946
2786.png,0.4368079484128735
2787.png,0.1143323930817679
2788.png,0.7726660503964994
2789.png,0.7611011621496587
2790.png,0.2372246346607042
2791.png,0.4340074263325526
2792.png,0.5076701434667646
2793.png,0.10259313288592964
2794.png,0.4801241792279325
2795.png,0.5579659604688417
2796.png,0.40934754423270037
2797.png,0.2792281195282701
2798.png,0.31298828239062537
2799.png,0.6162144720015108
2800.png,0.912850294004617
2801.png,0.48868157185166106
2802.png,0.36302292549337756
2803.png,0.7075319655246294
2804.png,0.7525251016635346
2805.png,0.9243384612420464
2806.png,0.14149413398032673
2807.png,0.7270469788789875
2808.png,0.5830019732269316
2809.png,0.30238080916578336
2810.png,0.944894862172432
2811.png,0.13612187296412115
2812.png,0.5035820299652171
2813.png,0.03151067999939072
2814.png,0.539679515472544
2815.png,0.7766256711201108
2816.png,0.8702953373105428
2817.png,0.6761117738529324
2818.png,0.572685046738738
2819.png,0.2974195412767072
2820.png,0.8862809696238287
2821.png,0.7584793777543914
2822.png,0.9728146352775353
2823.png,0.02361720206936946
2824.png,0.24856480398524972
2825.png,0.03393286242042759
2826.png,0.3802108378297828
2827.png,0.6720381207391989
2828.png,0.6643738911556573
2829.png,0.8671462092962691
2830.png,0.12250686663191779
2831.png,0.35743140979155075
2832.png,0.885750982022444
2833.png,0.2849320325351993
2834.png,0.9002482158465711
2835.png,0.49450761943677557
2836.png,0.028301022137846688
2837.png,0.47337725806215525
2838.png,0.7604969536795874
2839.png,0.8401543334702948
2840.png,0.07091439916371323
2841.png,0.9836218143001715
2842.png,0.10663890724255543
2843.png,0.929012940873087
2844.png,0.8411788853582554
2845.png,0.7090241195375747
2846.png,0.6293934337382252
2847.png,0.8525970662635053
2848.png,0.7394611004455967
2849.png,0.9128683464787644
2850.png,0.7600552744718562
2851.png,0.2346118916234493
2852.png,0.7021131244839993
2853.png,0.645877430226672
2854.png,0.27104224141412037
2855.png,0.5620849224975365
2856.png,0.5667725872250271
2857.png,0.08269873724435484
2858.png,0.15391834950036876
2859.png,0.0840892750105473
2860.png,0.6387458737160212
2861.png,0.9233184194064911
2862.png,0.47072312855429854
2863.png,0.20470908010745714
2864.png,0.004082305982334278
2865.png,0.24170361591273792
2866.png,0.2428699551433089
2867.png,0.747360487795823
2868.png,0.7588861114446867
2869.png,0.8913827124143645
2870.png,0.022387227842412205
2871.png,0.5208131561273056
2872.png,0.026348312356150205
2873.png,0.2873056811538669
2874.png,0.45805022607327683
2875.png,0.07109804761701444
2876.png,0.10052344445429684
2877.png,0.9304383184270973
2878.png,0.16679259130799673
2879.png,0.36949162413965353
2880.png,0.4734450987114771
2881.png,0.42354555707207675
2882.png,0.5678825290976771
2883.png,0.9216630087671178
2884.png,0.8295525340032539
2885.png,0.32526235581139207
2886.png,0.41416406397917493
2887.png,0.16853299788313658
2888.png,0.6279653996031795
2889.png,0.6697506054989588
2890.png,0.5975598745341093
2891.png,0.11304247947497092
2892.png,0.0302422527100491
2893.png,0.5132437973525285
2894.png,0.23107556305748866
2895.png,0.9758027899250284
2896.png,0.6295603056101149
2897.png,0.3916770467966839
2898.png,0.2536775002278131
2899.png,0.5068980551992347
2900.png,0.5468603970527645
2901.png,0.366314445979133
2902.png,0.7013912583612774
2903.png,0.21470947856458378
2904.png,0.35750446813557935
2905.png,0.8476616400544251
2906.png,0.6951025721467752
2907.png,0.5047113602206051
2908.png,0.19927802150398466
2909.png,0.7014816740097265
2910.png,0.8294088735426763
2911.png,0.15462661536067124
2912.png,0.26779975260990985
2913.png,0.02099686945060464
2914.png,0.6286763019498898
2915.png,0.5266388716611315
2916.png,0.7857638752049053
2917.png,0.8608429289572478
2918.png,0.9999936153118039
2919.png,0.2952125111612356
2920.png,0.7011000471374504
2921.png,0.5221897607677363
2922.png,0.9536258440586669
2923.png,0.6702713542269586
2924.png,0.5884960067521233
2925.png,0.39389073611694325
2926.png,0.179169166646705
2927.png,0.26686089985413897
2928.png,0.39360992438469355
2929.png,0.016667006326610223
2930.png,0.6946339386953415
2931.png,0.6965291432708365
2932.png,0.462643096896485
2933.png,0.09996042238306158
2934.png,0.45470598611606816
2935.png,0.27377108523335236
2936.png,0.12849734650645317
2937.png,0.013325124110259212
2938.png,0.9940570929926202
2939.png,0.6897550820667759
2940.png,0.6250352725435464
2941.png,0.42607142603019676
2942.png,0.7083846905742943
2943.png,0.6846960031973863
2944.png,0.6864348986809166
2945.png,0.7068781361960114
2946.png,0.6663840537261714
2947.png,0.286555589688702
2948.png,0.0009384110959962388
2949.png,0.3570602972336897
2950.png,0.6091135959853871
2951.png,0.9393980073948455
2952.png,0.9896430802093793
2953.png,0.7777496722741363
2954.png,0.3712812227770367
2955.png,0.756601600824181
2956.png,0.3721666132297472
2957.png,0.2533263473670384
2958.png,0.5895368485774936
2959.png,0.07796745357156842
2960.png,0.30182861029458075
2961.png,0.13082263572644603
2962.png,0.7149148962524009
2963.png,0.8501643485818912
2964.png,0.9372368937935716
2965.png,0.21188154706623574
2966.png,0.7209113123298542
2967.png,0.883329666089909
2968.png,0.35805331174098376
2969.png,0.2758876123053615
2970.png,0.18991898574744703
2971.png,0.8533687163149337
2972.png,0.14936056405015874
2973.png,0.80291011027399
2974.png,0.7177247553312276
2975.png,0.7659179505558508
2976.png,0.8182230000988439
2977.png,0.010024043920320747
2978.png,0.5162410923436768
2979.png,0.7151409675846294
2980.png,0.6225758637912245
2981.png,0.7260858003095926
2982.png,0.6332006556195956
2983.png,0.3595926496745969
2984.png,0.25030327517431394
2985.png,0.8615447499866983
2986.png,0.1325189759897769
2987.png,0.9356205172870626
2988.png,0.11033943640303445
2989.png,0.8710293018789343
2990.png,0.8862546570110944
2991.png,0.1925241976659765
2992.png,0.17590263499679837
2993.png,0.8793685745279739
2994.png,0.6304573911516397
2995.png,0.6078907573959458
2996.png,0.484997361355579
2997.png,0.9629379047621812
2998.png,0.11632129650446599
2999.png,0.8258065292355045
3000.png,0.4949202565694709
3001.png,0.02359152223531613
3002.png,0.00841835278207459
3003.png,0.9631294325124172
3004.png,0.4550151846170154
3005.png,0.296132041039588
3006.png,0.0466306527067728
3007.png,0.21509024821004064
3008.png,0.38378870538170506
3009.png,0.24135808774253686
3010.png,0.24090508343833494
3011.png,0.3029775822899554
3012.png,0.6391209116057329
3013.png,0.0706364401454248
3014.png,0.15135040864895222
3015.png,0.3721770763489576
3016.png,0.22765552792769972
3017.png,0.6204354633178081
3018.png,0.2563185557411236
3019.png,0.015903587374459516
3020.png,0.6214660644998451
3021.png,0.582609119029275
3022.png,0.29206754972370386
3023.png,0.6392946051659433
3024.png,0.5255400214797404
3025.png,0.23599764280751034
3026.png,0.5063011024605127
3027.png,0.4112947471839
3028.png,0.24880007925612546
3029.png,0.7394486838855971
3030.png,0.08155265160434166
3031.png,0.42724005908777707
3032.png,0.5362018225252712
3033.png,0.6376201416112222
3034.png,0.09548340147968482
3035.png,0.38017814780275927
3036.png,0.9741644900763061
3037.png,0.07201201683807257
3038.png,0.10264065497993324
3039.png,0.8282515422166784
3040.png,0.6777696259129757
3041.png,0.1222618526833753
3042.png,0.6133456431465939
3043.png,0.6256251188828139
3044.png,0.6629423472964128
3045.png,0.9300522074962742
3046.png,0.6064850027769094
3047.png,0.698019869624423
3048.png,0.20228829441666996
3049.png,0.15958604845590496
3050.png,0.25919165296773783
3051.png,0.726383442481084
3052.png,0.5032256531126044
3053.png,0.342184678843119
3054.png,0.6821404177055177
3055.png,0.4976617247867007
3056.png,0.7925847314867064
3057.png,0.39002350768895266
3058.png,0.05683159642723867
3059.png,0.04082413340669855
3060.png,0.12471503722213306
3061.png,0.6967890348704603
3062.png,0.5321443705962301
3063.png,0.17866049969256792
3064.png,0.1738022504523855
3065.png,0.6640339249455576
3066.png,0.02018690669204848
3067.png,0.4539383585123119
3068.png,0.1598893494783573
3069.png,0.21807428113119076
3070.png,0.9874926681644798
3071.png,0.19010778064532174
3072.png,0.2733543832218386
3073.png,0.4828946407761251
3074.png,0.07478494758616117
3075.png,0.9645538927708237
3076.png,0.26412216793502197
3077.png,0.16165067573969116
3078.png,0.6688941784068158
3079.png,0.18641200252590162
3080.png,0.9694689574615195
3081.png,0.8077657026556293
3082.png,0.8193634333402745
3083.png,0.092946649182576
3084.png,0.03000657306570531
3085.png,0.723521848092227
3086.png,0.17445426070803638
3087.png,0.8254438751867642
3088.png,0.2634334872912647
3089.png,0.6373362112892618
3090.png,0.7809738853982078
3091.png,0.20201951591753886
3092.png,0.3570339642877969
3093.png,0.28190934074051166
3094.png,0.22050591004914422
3095.png,0.7168086408106039
3096.png,0.9708393988659147
3097.png,0.6835181397612365
3098.png,0.0447245545806616
3099.png,0.40027194310953385
3100.png,0.3943864076680085
3101.png,0.46997728825680185
3102.png,0.009856295782121327
3103.png,0.11428541647449508
3104.png,0.5416322546046648
3105.png,0.8640996752109384
3106.png,0.043939496940084255
3107.png,0.6814019641907326
3108.png,0.7899011595967155
3109.png,0.4616469642771822
3110.png,0.23898380573214595
3111.png,0.5691066922261646
3112.png,0.9443088379967289
3113.png,0.7287325479285092
3114.png,0.3220514617229415
3115.png,0.036323612308379216
3116.png,0.7012023623926119
3117.png,0.24044629126474137
3118.png,0.18760445059200703
3119.png,0.35039680741639423
3120.png,0.6911440474231016
3121.png,0.07817669300585006
3122.png,0.2888944965011354
3123.png,0.15677392858020034
3124.png,0.725375238035458
3125.png,0.7347205644417872
3126.png,0.9508560536740752
3127.png,0.643281308649459
3128.png,0.023198837070461775
3129.png,0.399532149742325
3130.png,0.9213946075649199
3131.png,0.10546973170993845
3132.png,0.7716564981837646
3133.png,0.02132985231879969
3134.png,0.30859479928307176
3135.png,0.02490504165578311
3136.png,0.5030992658624885
3137.png,0.18140547459607792
3138.png,0.507649135898605
3139.png,0.26866972344303486
3140.png,0.10558775973661161
3141.png,0.43945721059848564
3142.png,0.7352281488342244
3143.png,0.6085094949849515
3144.png,0.8141125199678101
3145.png,0.8635797369366147
3146.png,0.4139709941836289
3147.png,0.3809330584470516
3148.png,0.7709535055879642
3149.png,0.15504367513820816
3150.png,0.7069358393821207
3151.png,0.3465951411393391
3152.png,0.7982172394987905
3153.png,0.10603273382157918
3154.png,0.23972567232478015
3155.png,0.7302085139446689
3156.png,0.6091599744156577
3157.png,0.21902891196575314
3158.png,0.028653323778099815
3159.png,0.877968659183294
3160.png,0.9578446939356207
3161.png,0.9074350476191982
3162.png,0.8560097005371218
3163.png,0.46644427092940643
3164.png,0.06251324492136956
3165.png,0.9948030009907801
3166.png,0.27375313537625257
3167.png,0.556915178026637
3168.png,0.2872037088796324
3169.png,0.3308148912249693
3170.png,0.9684524641662453
3171.png,0.8420469094591349
3172.png,0.039474499762334636
3173.png,0.43674360596430495
3174.png,0.41333638325662525
3175.png,0.18049298252844237
3176.png,0.854592197513657
3177.png,0.08992567470036716
3178.png,0.2233027304812526
3179.png,0.6059499606121758
3180.png,0.30852914346233884
3181.png,0.9841559407762844
3182.png,0.9567885335653971
3183.png,0.09479292269807349
3184.png,0.33943890121749065
3185.png,0.5254438992499246
3186.png,0.01905478592836618
3187.png,0.37103576751958545
3188.png,0.06262121823783484
3189.png,0.6152801329980563
3190.png,0.15480000572709351
3191.png,0.7089455665760187
3192.png,0.419282383402101
3193.png,0.5342951068187446
3194.png,0.8335074943682929
3195.png,0.6622952148108731
3196.png,0.9373907300726735
3197.png,0.14444897835681947
3198.png,0.0789487902170658
3199.png,0.02753219262585982
3200.png,0.05567360480504013
3201.png,0.4720569195686659
3202.png,0.2631865202350855
3203.png,0.33042104185889154
3204.png,0.5880492465809779
3205.png,0.24336735436683
3206.png,0.6037660973598745
3207.png,0.5533991891446758
3208.png,0.5221256736787065
3209.png,0.08180315386284365
3210.png,0.8640295529857964
3211.png,0.32065457721695356
3212.png,0.8453316107999291
3213.png,0.5315779234145483
3214.png,0.1584511427368983
3215.png,0.478403026966266
3216.png,0.5217627745813442
3217.png,0.08356457363483583
3218.png,0.7855003921935756
3219.png,0.25616641605953594
3220.png,0.7775384243763214
3221.png,0.7033790057728363
3222.png,0.9491882592826492
3223.png,0.15174816897400223
3224.png,0.4917054264965601
3225.png,0.6635597154934592
3226.png,0.3505002761810909
3227.png,0.42043858705644155
3228.png,0.006297547996198083
3229.png,0.985104275600454
3230.png,0.3741282801921104
3231.png,0.2380357319919172
3232.png,0.4896256773489396
3233.png,0.7377763998502993
3234.png,0.5509062696520097
3235.png,0.34487336958042125
3236.png,0.4379877480148111
3237.png,0.16985054929566945
3238.png,0.528463402186012
3239.png,0.4172044351530293
3240.png,0.5063296371805357
3241.png,0.30412889653474007
3242.png,0.28882322649053827
3243.png,0.634662313352182
3244.png,0.7826383958651117
3245.png,0.18859357829637213
3246.png,0.3419996171524463
3247.png,0.9099470752587607
3248.png,0.2742770437684463
3249.png,0.5510841534511571
3250.png,0.6957595018225355
3251.png,0.035199040111935975
3252.png,0.7281120612625888
3253.png,0.7726138390260352
3254.png,0.15175211319559556
3255.png,0.5341133269174961
3256.png,0.5803286452881609
3257.png,0.740824976676657
3258.png,0.44743205951885645
3259.png,0.22247984773366858
3260.png,0.29907100349878646
3261.png,0.7471872915833349
3262.png,0.6229032338403915
3263.png,0.46861372494854026
3264.png,0.05362598182314837
3265.png,0.03491086431176327
3266.png,0.034404233129782025
3267.png,0.4060844619646815
3268.png,0.03696696050188408
3269.png,0.5011346602192527
3270.png,0.8383685468375308
3271.png,0.6399629996558839
3272.png,0.45818999712273345
3273.png,0.37618606986802394
3274.png,0.4064707621640187
3275.png,0.9675803751348324
3276.png,0.8540908304324251
3277.png,0.8800108446615518
3278.png,0.2771720989069809
3279.png,0.9699302663024794
3280.png,0.5867246696591139
3281.png,0.9810050787525318
3282.png,0.8587011375555996
3283.png,0.46635310549161324
3284.png,0.8980335901576654
3285.png,0.7172698347882573
3286.png,0.07787307019696887
3287.png,0.9594555453360536
3288.png,0.05072163362140292
3289.png,0.908418880006113
3290.png,0.6583127235270809
3291.png,0.606209232865219
3292.png,0.27728322119425
3293.png,0.08082648664489478
3294.png,0.6224509670576671
3295.png,0.2493563606557433
3296.png,0.1861824981825525
3297.png,0.31612787654417274
3298.png,0.7071375576167555
3299.png,0.5775921527044844
3300.png,0.7272798875532392
3301.png,0.5536134601661944
3302.png,0.1910765465498372
3303.png,0.8452981698178873
3304.png,0.7580553351161002
3305.png,0.08716101289423361
3306.png,0.777192515975127
3307.png,0.8836918681558069
3308.png,0.922248279948762
3309.png,0.6605296142941591
3310.png,0.6670125749089435
3311.png,0.3951233781850998
3312.png,0.12798404484034476
3313.png,0.6091600115307358
3314.png,0.7435934870483293
3315.png,0.2239919950129965
3316.png,0.6235938056056085
3317.png,0.8926498746022432
3318.png,0.6356970453144347
3319.png,0.13074883743996701
3320.png,0.5257235334729721
3321.png,0.4547609202183731
3322.png,0.6061996554278001
3323.png,0.5207270965162273
3324.png,0.6141493812992805
3325.png,0.47801995970026745
3326.png,0.3868025202365478
3327.png,0.30051597778469197
3328.png,0.7323696161958941
3329.png,0.4513122202690045
3330.png,0.5039741276435363
3331.png,0.7583047158664326
3332.png,0.18064391897202814
3333.png,0.9217675808011621
3334.png,0.38173802314796923
3335.png,0.20604897052401028
3336.png,0.9316373600369218
3337.png,0.36663020968920346
3338.png,0.008178665235216376
3339.png,0.8653507306942984
3340.png,0.7133157621405068
3341.png,0.18179561366032693
3342.png,0.44319049400932853
3343.png,0.30142624651361727
3344.png,0.8702835562841603
3345.png,0.22740183907234168
3346.png,0.682868619575011
3347.png,0.984116925213536
3348.png,0.0845721134567643
3349.png,0.3705815876886118
3350.png,0.11041628267291526
3351.png,0.5180718225845711
3352.png,0.23281126269302344
3353.png,0.9971581462161078
3354.png,0.05646323445519352
3355.png,0.9028296079262518
3356.png,0.945888725425181
3357.png,0.0852624753407516
3358.png,0.5596683329973733
3359.png,0.49703583662110185
3360.png,0.1330506049742608
3361.png,0.891095921040133
3362.png,0.7007829216995975
3363.png,0.17312951091168705
3364.png,0.21365036777977098
3365.png,0.03135630964093916
3366.png,0.014749357051403122
3367.png,0.4873247034314816
3368.png,0.3653879529285783
3369.png,0.21845518341353298
3370.png,0.06684311999533299
3371.png,0.22233659857313137
3372.png,0.46528829991701925
3373.png,0.7630608574153354
3374.png,0.9651204865526551
3375.png,0.532467979302768
3376.png,0.10667416501176807
3377.png,0.7395059783601143
3378.png,0.3945091104484708
3379.png,0.8831970155692669
3380.png,0.7229578583963869
3381.png,0.6147629739689722
3382.png,0.05605767356594782
3383.png,0.03461043523930829
3384.png,0.47745784676721437
3385.png,0.2485924719046786
3386.png,0.8273266715359332
3387.png,0.4310692736663193
3388.png,0.11373171273526428
3389.png,0.7160388094687336
3390.png,0.9279046371535299
3391.png,0.07708094311746172
3392.png,0.9627370291200915
3393.png,0.03727169214484971
3394.png,0.5889493938081838
3395.png,0.7225735728392291
3396.png,0.9101819596206256
3397.png,0.8408956997396266
3398.png,0.08230329818640847
3399.png,0.7605528107911337
3400.png,0.6428647468472131
3401.png,0.21131438095155874
3402.png,0.3232067174058769
3403.png,0.8841708585391537
3404.png,0.3739460553633366
3405.png,0.6188123423288441
3406.png,0.7832928487982236
3407.png,0.4859761482259435
3408.png,0.0059951270189461114
3409.png,0.3026361366796164
3410.png,0.6389207602634891
3411.png,0.3574203007001837
3412.png,0.5099756835693234
3413.png,0.042045217690509507
3414.png,0.2266264033943941
3415.png,0.7788961818540643
3416.png,0.3564632741603142
3417.png,0.2602449817219119
3418.png,0.3352232445151041
3419.png,0.8425933266244577
3420.png,0.18430683445287444
3421.png,0.12243683829434371
3422.png,0.4529284388343452
3423.png,0.3722090053595104
3424.png,0.672297613676319
3425.png,0.16422939441198614
3426.png,0.7251948128445008
3427.png,0.7043768128003531
3428.png,0.11677787441242249
3429.png,0.06819300072227696
3430.png,0.3931741479481561
3431.png,0.7060547669625976
3432.png,0.12320945964668806
3433.png,0.6318061466764568
3434.png,0.5080095980732536
3435.png,0.2850165113311941
3436.png,0.7271455561083218
3437.png,0.43201017269588504
3438.png,0.7810699672503096
3439.png,0.16124205444103312
3440.png,0.33534541949013463
3441.png,0.6280269902348289
3442.png,0.31897186978085423
3443.png,0.472619974176832
3444.png,0.9906411031632208
3445.png,0.4021712930759004
3446.png,0.12362620921055256
3447.png,0.72951070112679
3448.png,0.897774859146525
3449.png,0.7081386294469061
3450.png,0.9964091699355931
3451.png,0.6530014467488207
3452.png,0.12483511779665646
3453.png,0.029373454358836648
3454.png,0.7838605262893648
3455.png,0.02213313416806062
3456.png,0.30727230023948915
3457.png,0.30018079717706536
3458.png,0.2804627374599379
3459.png,0.30014355195860953
3460.png,0.6641827126786997
3461.png,0.8245180298437923
3462.png,0.9786638960203093
3463.png,0.615429533580348
3464.png,0.42353670638624175
3465.png,0.07737936436875759
3466.png,0.7799377344284849
3467.png,0.23293201309930045
3468.png,0.6555693874287724
3469.png,0.9347964252021687
3470.png,0.6709104534579442
3471.png,0.20256601527388174
3472.png,0.028805294285470295
3473.png,0.9154397643725997
3474.png,0.9913463620244153
3475.png,0.9049416841742398
3476.png,0.7045750512726408
3477.png,0.8536200318669318
3478.png,0.12782203342081477
3479.png,0.11488622456741604
3480.png,0.5355908629496516
3481.png,0.32870465721385866
3482.png,0.7548906473079003
3483.png,0.8564307224865044
3484.png,0.7478763089385533
3485.png,0.24567767039391897
3486.png,0.23801065386888942
3487.png,0.018467154946140374
3488.png,0.852839468845212
3489.png,0.5047339827228992
3490.png,0.06847837539750001
3491.png,0.7651836522724056
3492.png,0.9110509395838124
3493.png,0.7486501894456984
3494.png,0.8171859459211759
3495.png,0.523475228768976
3496.png,0.2420853631297486
3497.png,0.6248197103814607
3498.png,0.3604430787934211
3499.png,0.4081581547608433
3500.png,0.4131276295983114
3501.png,0.485188622278404
3502.png,0.11577851975865616
3503.png,0.7440162025159963
3504.png,0.05095342565317407
3505.png,0.5150960463700546
3506.png,0.6275843387974328
3507.png,0.5902894478353297
3508.png,0.012048540116549322
3509.png,0.9824369884116756
3510.png,0.7113099132636979
3511.png,0.6061641352400857
3512.png,0.013224666779357186
3513.png,0.3193490401278406
3514.png,0.9855683370645238
3515.png,0.5007289748478503
3516.png,0.6125041646415416
3517.png,0.6610304290839994
3518.png,0.36189926079517687
3519.png,0.7951710518784824
3520.png,0.6078113402211884
3521.png,0.16483427563126152
3522.png,0.27558664633635255
3523.png,0.6694615685877212
3524.png,0.4140613318980113
3525.png,0.5781017124189353
3526.png,0.7003406067670934
3527.png,0.9248815511225192
3528.png,0.5006649212337991
3529.png,0.00569505283375582
3530.png,0.30085743794951725
3531.png,0.7166070889013664
3532.png,0.899537934715037
3533.png,0.4210809325075785
3534.png,0.5433012903458055
3535.png,0.6751785514659648
3536.png,0.10732794020790237
3537.png,0.035080863467396806
3538.png,0.32277880081188015
3539.png,0.36117157659629684
3540.png,0.7864784164833233
3541.png,0.3746141282957729
3542.png,0.5797345730691817
3543.png,0.8489322618330294
3544.png,0.480888815357145
3545.png,0.4241421527770671
3546.png,0.6850259957198429
3547.png,0.05190445691247192
3548.png,0.35410882958956
3549.png,0.6103197237326986
3550.png,0.46441798359078124
3551.png,0.9161880917497279
3552.png,0.023163167211325497
3553.png,0.9006571952927068
3554.png,0.9488221563347118
3555.png,0.2994474087084009
3556.png,0.01767164544960864
3557.png,0.38911040181018
3558.png,0.6890553816667218
3559.png,0.6002962389199628
3560.png,0.33162719968915844
3561.png,0.08029027563789681
3562.png,0.5274767106968079
3563.png,0.9777196590873867
3564.png,0.5431804202913533
3565.png,0.46107163754723623
3566.png,0.9419856430060858
3567.png,0.8534370704401281
3568.png,0.7884048882444282
3569.png,0.06693198299629122
3570.png,0.8177539142556544
3571.png,0.5234178191028718
3572.png,0.2087258149842599
3573.png,0.034480398640976295
3574.png,0.9900832476815599
3575.png,0.2857251976887465
3576.png,0.10482944404959549
3577.png,0.5978335375895262
3578.png,0.9616086302615696
3579.png,0.3800014520417848
3580.png,0.8261487800366811
3581.png,0.19299249834575594
3582.png,0.8397406774089287
3583.png,0.20319015056073264
3584.png,0.2506484294543049
3585.png,0.5360223365201413
3586.png,0.2055997562233074
3587.png,0.30882191070327003
3588.png,0.5236046251328317
3589.png,0.3138544438822043
3590.png,0.2267766623716474
3591.png,0.9927621019597055
3592.png,0.39679790468683285
3593.png,0.8072931206389252
3594.png,0.9894322287351275
3595.png,0.19107457029000996
3596.png,0.43250058637293987
3597.png,0.6987906158084601
3598.png,0.2832812339236639
3599.png,0.3265294297863711
3600.png,0.5682642102984582
3601.png,0.15624652746041467
3602.png,0.8562438244966005
3603.png,0.30827325874593847
3604.png,0.7295057624412913
3605.png,0.9735366317789445
3606.png,0.34673379239274926
3607.png,0.1260615571470579
3608.png,0.1908567854316986
3609.png,0.7446716787584194
3610.png,0.7814750213337383
3611.png,0.5299510855620785
3612.png,0.5721330205692882
3613.png,0.9087198137612267
3614.png,0.4397940294988466
3615.png,0.0071131046610489745
3616.png,0.5188715010441263
3617.png,0.24843094257527165
3618.png,0.5542964651646337
3619.png,0.773679316431044
3620.png,0.6992542009473748
3621.png,0.7450243015563459
3622.png,0.7553867121573657
3623.png,0.7215573119652782
3624.png,0.8336239723514445
3625.png,0.7552998638219462
3626.png,0.4154524846774279
3627.png,0.4517762599911054
3628.png,0.1257534542009615
3629.png,0.23490958472581036
3630.png,0.3394802463001695
3631.png,0.9016215901850207
3632.png,0.26680958681920386
3633.png,0.12554471599133465
3634.png,0.14543233874200145
3635.png,0.3115386726721179
3636.png,0.6840587829077461
3637.png,0.5569101818195942
3638.png,0.6160838690454992
3639.png,0.2572076434950704
3640.png,0.8502258737601774
3641.png,0.8792689463535387
3642.png,0.4679918183787577
3643.png,0.4026856932352104
3644.png,0.45050050987557466
3645.png,0.656241769244893
3646.png,0.6895616435915967
3647.png,0.17553401287104187
3648.png,0.4732332852559772
3649.png,0.7771306108320962
3650.png,0.4174526560773998
3651.png,0.0018090328907065523
3652.png,0.33900898326455875
3653.png,0.3827021095104297
3654.png,0.3020300743352713
3655.png,0.5062673768052139
3656.png,0.14264757254075966
3657.png,0.7705323076467137
3658.png,0.9181077976903467
3659.png,0.8640626899517571
3660.png,0.2907596811446038
3661.png,0.08302542627404585
3662.png,0.9763739406275463
3663.png,0.22738650690246598
3664.png,0.7081053002643489
3665.png,0.31210481976529536
3666.png,0.7130617059547806
3667.png,0.18581859276188928
3668.png,0.8664136700117393
3669.png,0.25500275331414346
3670.png,0.08051827101434494
3671.png,0.25470117391685654
3672.png,0.24557254643035487
3673.png,0.7021191996128643
3674.png,0.9118723692564755
3675.png,0.08300272979283085
3676.png,0.31000000935070116
3677.png,0.9898387760225874
3678.png,0.6492024524930823
3679.png,0.7245503636006883
3680.png,0.7906305145511976
3681.png,0.5809581731719201
3682.png,0.6848601736420812
3683.png,0.759195104755417
3684.png,0.18177138909943136
3685.png,0.1126375950111207
3686.png,0.21575261430855952
3687.png,0.7195202349663485
3688.png,0.18093842629520962
3689.png,0.007117910607127409
3690.png,0.4305517551908099
3691.png,0.2895248698264373
3692.png,0.1518147457739748
3693.png,0.42249812992402336
3694.png,0.9024236017403613
3695.png,0.6911740258478742
3696.png,0.02844737501258987
3697.png,0.7998924782954594
3698.png,0.3980184705152303
3699.png,0.6855479693456107
3700.png,0.11044075798281205
3701.png,0.3237861622232021
3702.png,0.5892663545863207
3703.png,0.9193460834854835
3704.png,0.23411187446701576
3705.png,0.46428384611080853
3706.png,0.5081411763057161
3707.png,0.40388383101251624
3708.png,0.8240078089344776
3709.png,0.2781734604875241
3710.png,0.3213496475463231
3711.png,0.14749820492806998
3712.png,0.08254109930569375
3713.png,0.9765901380109049
3714.png,0.8039630728439956
3715.png,0.9982953360244496
3716.png,0.19477977965715976
3717.png,0.7561797582085937
3718.png,0.02389670876456651
3719.png,0.28241970754227863
3720.png,0.47203043478560314
3721.png,0.9504829510043896
3722.png,0.27028282135011084
3723.png,0.7418751679237593
3724.png,0.9407448347145518
3725.png,0.1080706441141791
3726.png,0.5747695327542174
3727.png,0.11495168096980057
3728.png,0.7293254109825424
3729.png,0.3677035255324398
3730.png,0.9811719008905101
3731.png,0.37538349541364224
3732.png,0.05516003668515135
3733.png,0.9131904415342833
3734.png,0.4622638757356452
3735.png,0.03081226717388108
3736.png,0.3902254933620384
3737.png,0.49128684492182717
3738.png,0.0803386390551194
3739.png,0.4107525208695919
3740.png,0.7504778966383708
3741.png,0.10182833687655712
3742.png,0.3621074646080178
3743.png,0.3305911838761354
3744.png,0.16057120668861635
3745.png,0.8328392923033051
3746.png,0.872746165480825
3747.png,0.03576528597002582
3748.png,0.005141368233699262
3749.png,0.08047133922633298
3750.png,0.7971739706991637
3751.png,0.7540478439452203
3752.png,0.2516465810222632
3753.png,0.5888093135454383
3754.png,0.4912795471920387
3755.png,0.4470084207232409
3756.png,0.16263628426585086
3757.png,0.6435361684343553
3758.png,0.20307396861209615
3759.png,0.5584417760012642
3760.png,0.6668264760826198
3761.png,0.11849183407397312
3762.png,0.009927491934716204
3763.png,0.45131521634785143
3764.png,0.28814764577585184
3765.png,0.6705126550971745
3766.png,0.8970949689261197
3767.png,0.23675909076989943
3768.png,0.9264561076065103
3769.png,0.23883123167281084
3770.png,0.7296597193847805
3771.png,0.506549539755618
3772.png,0.9321332683797767
3773.png,0.5867573259113769
3774.png,0.8303595738225603
3775.png,0.44759901808326175
3776.png,0.1533452144251819
3777.png,0.15215918036067622
3778.png,0.13332784007509502
3779.png,0.48237974022361263
3780.png,0.4768270151259374
3781.png,0.9794422642459525
3782.png,0.01808039827701602
3783.png,0.0043707190707629184
3784.png,0.5295327287545857
3785.png,0.2875260288278765
3786.png,0.9959054410073441
3787.png,0.516748391541483
3788.png,0.4151186311371189
3789.png,0.031707515737601555
3790.png,0.6356577116551345
3791.png,0.22874372593124415
3792.png,0.6747542281085771
3793.png,0.7378199522345453
3794.png,0.4464404158821351
3795.png,0.8765668836120736
3796.png,0.5930677812929385
3797.png,0.3233829296192404
3798.png,0.11646614047149617
3799.png,0.7307221602227422
3800.png,0.6950391182179178
3801.png,0.2813252381733766
3802.png,0.12404981966668394
3803.png,0.39179992393701457
3804.png,0.7145726987838039
3805.png,0.38850175903220097
3806.png,0.12999035301284934
3807.png,0.37835343268542954
3808.png,0.3684914555758244
3809.png,0.9365706916098995
3810.png,0.2938312710764679
3811.png,0.21350929079126446
3812.png,0.9890731698785378
3813.png,0.8117671074618364
3814.png,0.9384848111367154
3815.png,0.5391719005344623
3816.png,0.37227908553878597
3817.png,0.42404803492317267
3818.png,0.971091303548387
3819.png,0.8528945909468706
3820.png,0.2715266600086851
3821.png,0.4126965955814961
3822.png,0.9551581557836434
3823.png,0.5757180336857869
3824.png,0.060782782791606316
3825.png,0.826606647995932
3826.png,0.08049762164298446
3827.png,0.802875895606758
3828.png,0.6805975888441016
3829.png,0.27345257698585934
3830.png,0.4811599043725836
3831.png,0.3098039393906804
3832.png,0.9872916020186746
3833.png,0.7605961436198673
3834.png,0.6844548480217412
3835.png,0.29218717828627183
3836.png,0.4919279201039892
3837.png,0.36865019871243776
3838.png,0.6103929623636635
3839.png,0.1536278997946917
3840.png,0.720933244879428
3841.png,0.32500309995112986
3842.png,0.4632943951706051
3843.png,0.6148906711224064
3844.png,0.07067629879151682
3845.png,0.6126672984706492
3846.png,0.6327590604504457
3847.png,0.7462173990703829
3848.png,0.9712623250556198
3849.png,0.5772148920692978
3850.png,0.4021452653888674
3851.png,0.2367968719198006
3852.png,0.584990636540639
3853.png,0.6189895770291589
3854.png,0.03236758043112331
3855.png,0.36161637343374553
3856.png,0.199355595306841
3857.png,0.30747566874843757
3858.png,0.6149374403604178
3859.png,0.144895013091062
3860.png,0.014925239912263577
3861.png,0.861510874739293
3862.png,0.8839300935583214
3863.png,0.4148480567671837
3864.png,0.6581445608092442
3865.png,0.5928566364814553
3866.png,0.6107006308339185
3867.png,0.5178719537949
3868.png,0.6069129798535389
3869.png,0.49345174863623753
3870.png,0.4334710585985684
3871.png,0.587382352233755
3872.png,0.7437680934970237
3873.png,0.6128122155232681
3874.png,0.7223295810695353
3875.png,0.5922967370657921
3876.png,0.43521067970327765
3877.png,0.2771590240531885
3878.png,0.30031953272714107
3879.png,0.39701590058872904
3880.png,0.04824369642562076
3881.png,0.23880719224112157
3882.png,0.41942719164334064
3883.png,0.6896072485798357
3884.png,0.40373707210466003
3885.png,0.04541841190495066
3886.png,0.22672393190217954
3887.png,0.7379346128325
3888.png,0.8060217372887821
3889.png,0.7407010554707607
3890.png,0.33625811461853916
3891.png,0.3695967273671371
3892.png,0.008645450916686004
3893.png,0.9128642836925009
3894.png,0.30963418780374186
3895.png,0.9988854591097344
3896.png,0.28734481887861496
3897.png,0.677183387894671
3898.png,0.7677338677713392
3899.png,0.6199008329135703
3900.png,0.22394825952193342
3901.png,0.5564324296480575
3902.png,0.7445642631876479
3903.png,0.15958191449607018
3904.png,0.6693229838130565
3905.png,0.78861739112805
3906.png,0.04809476647728028
3907.png,0.9507162112283795
3908.png,0.1674793569995937
3909.png,0.3105025478662393
3910.png,0.1275258816620285
3911.png,0.10715249736768506
3912.png,0.5838963863088389
3913.png,0.12994464720712162
3914.png,0.9182940549707912
3915.png,0.9853259968388893
3916.png,0.42630271331042335
3917.png,0.41939681601927004
3918.png,0.046420304835169124
3919.png,0.8418249470604031
3920.png,0.9102096771809327
3921.png,0.5338798995706711
3922.png,0.6148008645673683
3923.png,0.7777937590937528
3924.png,0.6908633575198458
3925.png,0.4422348831499685
3926.png,0.4613477932697516
3927.png,0.6871540827705929
3928.png,0.8113993941006441
3929.png,0.58672229907135
3930.png,0.7617130446462111
3931.png,0.003468593424655997
3932.png,0.2574973416263219
3933.png,0.14866883095718575
3934.png,0.49872633431112945
3935.png,0.4425613087211191
3936.png,0.44717433916653493
3937.png,0.36490513007070124
3938.png,0.19223524596327524
3939.png,0.825689751731812
3940.png,0.3170978749098212
3941.png,0.42835868337506045
3942.png,0.5261451148252301
3943.png,0.6074755126525272
3944.png,0.8751943413160119
3945.png,0.18611455704452007
3946.png,0.47225144611380154
3947.png,0.9385254823845761
3948.png,0.8750603835597662
3949.png,0.4798979993871263
3950.png,0.8486391340157845
3951.png,0.9696432440556553
3952.png,0.44987995080673804
3953.png,0.7470020707231555
3954.png,0.8939399745759278
3955.png,0.4977235834630006
3956.png,0.3749180328747821
3957.png,0.5565169664901638
3958.png,0.8710769551633668
3959.png,0.5963359205421563
3960.png,0.9397829545149928
3961.png,0.514079585067385
3962.png,0.8529219559113953
3963.png,0.7801291133951136
3964.png,0.8804985263988908
3965.png,0.6475307952029078
3966.png,0.12917112229522743
3967.png,0.9652472073399284
3968.png,0.5154353573003967
3969.png,0.8049266584499132
3970.png,0.10259818080268357
3971.png,0.9571326117967673
3972.png,0.8289786677057243
3973.png,0.6406219073325963
3974.png,0.7546467221254739
3975.png,0.6967879038593108
3976.png,0.9120036204775871
3977.png,0.4818835522096184
3978.png,0.24076970288854138
3979.png,0.9316664207845594
3980.png,0.6414767810212471
3981.png,0.6356407446652736
3982.png,0.4938291029679981
3983.png,0.940461743859693
3984.png,0.4227607637948133
3985.png,0.7065998778541356
3986.png,0.8294504538259639
3987.png,0.2645361934605178
3988.png,0.4183705189481769
3989.png,0.3026180618003256
3990.png,0.13764443079361377
3991.png,0.32216767849481376
3992.png,0.4329023281515818
3993.png,0.4919971695196632
3994.png,0.3565367283303982
3995.png,0.7094758558138077
3996.png,0.7185860521938146
3997.png,0.2914476302199558
3998.png,0.6033265010895863
3999.png,0.8746598795083309
4000.png,0.2658211248920357
4001.png,0.6057743131377796
4002.png,0.7894307353561545
4003.png,0.23011964688043185
4004.png,0.5347304480651299
4005.png,0.6077362054993666
4006.png,0.5594725495644245
4007.png,0.9200596059712296
4008.png,0.45630935458376887
4009.png,0.31835959668147185
4010.png,0.600527834093933
4011.png,0.5163460866339592
4012.png,0.6584305797911176
4013.png,0.9485164362907839
4014.png,0.8380999477236841
4015.png,0.23238774065975243
4016.png,0.7480147804264335
4017.png,0.7983919904962679
4018.png,0.284569585850696
4019.png,0.17929281109390638
4020.png,0.6420012690156616
4021.png,0.08121143041885492
4022.png,0.039003984093352706
4023.png,0.24446178127548468
4024.png,0.006248664936129411
4025.png,0.16685871216541381
4026.png,0.2097729888038521
4027.png,0.2479138344196149
4028.png,0.9839031930776452
4029.png,0.9047697699966883
4030.png,0.7281945972826117
4031.png,0.9409179717768498
4032.png,0.6134237776658629
4033.png,0.7098997432051184
4034.png,0.02571806236259999
4035.png,0.7976897761377906
4036.png,0.5190280711590249
4037.png,0.4292297753960841
4038.png,0.9464852364650377
4039.png,0.7468448526667577
4040.png,0.5208389799197034
4041.png,0.9000246876956883
4042.png,0.5858490833069705
4043.png,0.6034507441597485
4044.png,0.07055855634477048
4045.png,0.843082004202223
4046.png,0.6643490784000775
4047.png,0.21229426399156537
4048.png,0.4969368531362798
4049.png,0.4442189748250436
4050.png,0.7626349169967939
4051.png,0.5272609067553187
4052.png,0.6843139672056454
4053.png,0.1906273010814391
4054.png,0.2594830965797189
4055.png,0.40757741722467966
4056.png,0.27783168185858387
4057.png,0.08492988247260314
4058.png,0.41816663167211887
4059.png,0.132755417196174
4060.png,0.5837287013992031
4061.png,0.14747707854416015
4062.png,0.8549179044176367
4063.png,0.9323506398585287
4064.png,0.33185350817138304
4065.png,0.38119168418830474
4066.png,0.22438977781051472
4067.png,0.9628934244066225
4068.png,0.8282845558870432
4069.png,0.9199862592177501
4070.png,0.4189111632991135
4071.png,0.2736777133822085
4072.png,0.7058508603861154
4073.png,0.9643608922088197
4074.png,0.8292175075145234
4075.png,0.8972538854058801
4076.png,0.6973006241055746
4077.png,0.45971937333271795
4078.png,0.32527301718890833
4079.png,0.9272331986951413
4080.png,0.3228114016180167
4081.png,0.2565986058308689
4082.png,0.4372857333889585
4083.png,0.4219327187574733
4084.png,0.6906578912613549
4085.png,0.4109283533410686
4086.png,0.302930888200481
4087.png,0.6108305188959714
4088.png,0.423565290446536
4089.png,0.8414549959506418
4090.png,0.7906016197411296
4091.png,0.03716466024049703
4092.png,0.06285719169275228
4093.png,0.828481665235114
4094.png,0.5975727772713919
4095.png,0.16432842281122673
4096.png,0.2944766933587165
4097.png,0.6966855458586331
4098.png,0.1110955748845851
4099.png,0.03982150520396022
4100.png,0.519529937822997
4101.png,0.6649845043433096
4102.png,0.3455030603105399
4103.png,0.08975823790650594
4104.png,0.26057458714396475
4105.png,0.08489399324696634
4106.png,0.21537554919104607
4107.png,0.7428049134201515
4108.png,0.2026635780824706
4109.png,0.6573747712849497
4110.png,0.15008448952589304
4111.png,0.9922115280651125
4112.png,0.011022175320608785
4113.png,0.2538636028338547
4114.png,0.03375943584133967
4115.png,0.3880462486847259
4116.png,0.32752636766089527
4117.png,0.9416639582157708
4118.png,0.4364890513619708
4119.png,0.9866017161719303
4120.png,0.24070055884496888
4121.png,0.6263766129388617
4122.png,0.40984746324378785
4123.png,0.5550682871836934
4124.png,0.5199199087965188
4125.png,0.3627881480012357
4126.png,0.2503981568059861
4127.png,0.11265388663137565
4128.png,0.5167659473922807
4129.png,0.10024217885366671
4130.png,0.45857400331035614
4131.png,0.11258037587436787
4132.png,0.7653412264566619
4133.png,0.24492166870060172
4134.png,0.8745013080182664
4135.png,0.33564053154801743
4136.png,0.4562251542510939
4137.png,0.07901049632972823
4138.png,0.4355924841558385
4139.png,0.5711049236725796
4140.png,0.07365554991913437
4141.png,0.36649660031709763
4142.png,0.6702581136816576
4143.png,0.9957383933407183
4144.png,0.002882255909601894
4145.png,0.6838180964122044
4146.png,0.149810970305026
4147.png,0.4729324558689708
4148.png,0.790681696905976
4149.png,0.7641639313409463
4150.png,0.03506245592138979
4151.png,0.5268382282578957
4152.png,0.6894325592253233
4153.png,0.2722333122928947
4154.png,0.9895311870177101
4155.png,0.10988130921823436
4156.png,0.8118108085433652
4157.png,0.42986540939827356
4158.png,0.6640834656205242
4159.png,0.8155751446064303
4160.png,0.2091922848968385
4161.png,0.7699594986300132
4162.png,0.3094407260020615
4163.png,0.5076338634971178
4164.png,0.4801605780456335
4165.png,0.9521010819423563
4166.png,0.38338299567816414
4167.png,0.8251228474408964
4168.png,0.21242585212092047
4169.png,0.8751869439878351
4170.png,0.33201302301172864
4171.png,0.13247150984507172
4172.png,0.5371699593765535
4173.png,0.2027853959503193
4174.png,0.6801872200633228
4175.png,0.36358658927765297
4176.png,0.8422193480232435
4177.png,0.6877425354887813
4178.png,0.9750556113688936
4179.png,0.5946451613791878
4180.png,0.864863864409036
4181.png,0.5138878219734715
4182.png,0.8201929417429962
4183.png,0.779954963309471
4184.png,0.8135722780738522
4185.png,0.5205460402990747
4186.png,0.6849148559018008
4187.png,0.6267926293600569
4188.png,0.5370612785022815
4189.png,0.26603394284692794
4190.png,0.6128683235270536
4191.png,0.9517019637773106
4192.png,0.38138775877133835
4193.png,0.017915506007833204
4194.png,0.43139503962718584
4195.png,0.8025182644748922
4196.png,0.3039350480289015
4197.png,0.4609464961427765
4198.png,0.5511279187134337
4199.png,0.13064686408088366
4200.png,0.9342573607071011
4201.png,0.9503467878907411
4202.png,0.17344168707472085
4203.png,0.2124132741182212
4204.png,0.36045457378403845
4205.png,0.47363382107841434
4206.png,0.9015409322462484
4207.png,0.6351206372127206
4208.png,0.6252468961152209
4209.png,0.9601809170646253
4210.png,0.21387596931432384
4211.png,0.5084508015766397
4212.png,0.6116000048044185
4213.png,0.976033707235709
4214.png,0.7105483768713778
4215.png,0.8674207224031113
4216.png,0.15912296800197545
4217.png,0.23142519485513413
4218.png,0.8007119634399845
4219.png,0.14043698410564398
4220.png,0.2552909033682256
4221.png,0.7781956199782296
4222.png,0.6975088169908231
4223.png,0.3836762099000338
4224.png,0.07704389176703508
4225.png,0.5837045425172062
4226.png,0.07466004891151024
4227.png,0.962219515439731
4228.png,0.7187261226677972
4229.png,0.8273667248176212
4230.png,0.8268356964149147
4231.png,0.7149949451494831
4232.png,0.06881483149598344
4233.png,0.22050873454260744
4234.png,0.4167456801105257
4235.png,0.3459465518356504
4236.png,0.9762018708606673
4237.png,0.4017720136391485
4238.png,0.4939601492170004
4239.png,0.7640354457445581
4240.png,0.45855500440699426
4241.png,0.35290940984579067
4242.png,0.9245834979612596
4243.png,0.9108464080174307
4244.png,0.8926970078231845
4245.png,0.16479952016847954
4246.png,0.5866116620847823
4247.png,0.5081936778386416
4248.png,0.6107360245661234
4249.png,0.4160674441465988
4250.png,0.038115418047990124
4251.png,0.6345092648521339
4252.png,0.027656947679274513
4253.png,0.5785298845939701
4254.png,0.33428788182107205
4255.png,0.364404661292579
4256.png,0.6766102620169258
4257.png,0.7358124562417233
4258.png,0.9154968087681021
4259.png,0.4318911440640809
4260.png,0.2857205753503642
4261.png,0.46803772960598133
4262.png,0.611777767941781
4263.png,0.44706291983380975
4264.png,0.21311109000271677
4265.png,0.5873458490315667
4266.png,0.43973677026563096
4267.png,0.8548187588487265
4268.png,0.3328436836409546
4269.png,0.8971236080658426
4270.png,0.7117697067507192
4271.png,0.4484233067795399
4272.png,0.39489126416717957
4273.png,0.9496593033321336
4274.png,0.6457967720260609
4275.png,0.8460795022746125
4276.png,0.006579115244372602
4277.png,0.5306306888767068
4278.png,0.4307329523421224
4279.png,0.7789394849111992
4280.png,0.2299774553871311
4281.png,0.9007195880751488
4282.png,0.04880504601412272
4283.png,0.6631972358399655
4284.png,0.6831567930301279
4285.png,0.021615953765965368
4286.png,0.20127928222296831
4287.png,0.3652385399679652
4288.png,0.082608589311164
4289.png,0.7548629049151984
4290.png,0.21112140950484604
4291.png,0.6311182156219517
4292.png,0.2161625064201005
4293.png,0.04338431217075922
4294.png,0.20276749763790514
4295.png,0.2935434400289394
4296.png,0.21204516259633932
4297.png,0.6537916270714124
4298.png,0.5771516475129167
4299.png,0.01844822441678351
4300.png,0.7630773488543722
4301.png,0.8722510785063017
4302.png,0.8843328096150909
4303.png,0.348470105054555
4304.png,0.9570181711495516
4305.png,0.44378259274366627
4306.png,0.5630052965129816
4307.png,0.1341653025053514
4308.png,0.3027820164048364
4309.png,0.07209548285676526
4310.png,0.8940758536412692
4311.png,0.4486879514217238
4312.png,0.021706181056729057
4313.png,0.6030263536647312
4314.png,0.9198417063024619
4315.png,0.690619497061274
4316.png,0.46231599421532277
4317.png,0.04912145860625661
4318.png,0.08942373251424729
4319.png,0.7810290105826008
4320.png,0.9514342616951188
4321.png,0.14251841959875455
4322.png,0.2167344600873311
4323.png,0.8812458903179274
4324.png,0.9892933290838921
4325.png,0.96647232583905
4326.png,0.5628633765797848
4327.png,0.1043241407135932
4328.png,0.9569199195550913
4329.png,0.13832937208476115
4330.png,0.7942190088662257
4331.png,0.03761351916140743
4332.png,0.5218498577006873
4333.png,0.03690540868168324
4334.png,0.43341485352994746
4335.png,0.8970968564516959
4336.png,0.03638016173137959
4337.png,0.8302679489903008
4338.png,0.28949170231499344
4339.png,0.41882008943511195
4340.png,0.7370555860954549
4341.png,0.5357760673246285
4342.png,0.8003521037741524
4343.png,0.4218741752990842
4344.png,0.34511172977804205
4345.png,0.09759039377749323
4346.png,0.032950860640450275
4347.png,0.8551679557813526
4348.png,0.1487950310931554
4349.png,0.4627666290412774
4350.png,0.8696242396594258
4351.png,0.9090794327111706
4352.png,0.283100962184499
4353.png,0.3715492195664969
4354.png,0.4938495492360572
4355.png,0.8080976010849473
